SynTOF markers,Phenotypes,mean(|SHAP value|),Spearman Correlation,Raw P-value,Adjusted P-value
a-Synuclein_pS129,% Time Anxiety,0.017250873066650792,-0.11505791505791506,0.5040005076184113,0.8602007516041669
VMAT2,% Time Anxiety,0.03420391236329608,0.21827541827541827,0.2009254058137968,0.5998429998382693
CD47,% Time Anxiety,0.006785708237061904,0.07876447876447877,0.6479449181384861,0.8922149213895394
ApoE,% Time Anxiety,0.05707025063269752,0.04839124839124839,0.7792743661160517,0.9457662188174041
LC3B,% Time Anxiety,0.12600299953422717,-0.03912483912483913,0.8207729477643728,0.9536822035103082
APP,% Time Anxiety,0.04613495623795076,-0.050965250965250966,0.7678476369276918,0.9430624219496996
Calreticulin,% Time Anxiety,0.01522300693137654,-0.03449163449163449,0.8417109556918972,0.9537246659091817
SLC6A8,% Time Anxiety,0.019030625379880827,-0.20128700128700128,0.23911746582756344,0.6383221868712128
K48-Ubiquitin,% Time Anxiety,0.05869991722438723,-0.3328185328185328,0.047324288454980025,0.37797538154118315
DAT,% Time Anxiety,0.042917163680831365,-0.1963963963963964,0.2509624761147749,0.6537812275856238
GAMT_2,% Time Anxiety,0.04293419523268693,-0.19433719433719435,0.2560648502909872,0.6586825394277595
LRRK2,% Time Body Contact,0.061540861929219016,0.25353925353925355,0.13568588366057044,0.5045047856106664
VMAT2,% Time Body Contact,0.08155413009947815,-0.05868725868725869,0.7338642504047099,0.9263456186660809
CD47,% Time Body Contact,0.062024664786885,-0.044272844272844274,0.7976513335542895,0.9523924293530209
ApoE,% Time Body Contact,0.05383304121671777,0.17374517374517376,0.310862184939151,0.6980271827934679
GBA1,% Time Body Contact,0.291079198322401,0.19742599742599742,0.2484368808728825,0.6513505402372368
p-Tau_S202_T205,% Time Body Contact,0.415248820264617,0.1776061776061776,0.30006384868851266,0.6980271827934679
TMEM230_C20orf30,% Time Body Contact,0.13407346718476645,0.32483912483912486,0.05323178766751321,0.4031815028891278
Casp3_Acti,% Time Body Contact,0.047566999073661874,0.31351351351351353,0.0626105802726854,0.40371996200030236
b-Amyloid_X40,% Time Body Contact,0.08152177749893927,0.39742599742599743,0.016386200265705735,0.24822058921013504
SLC6A8,% Time Body Contact,0.02246189681526387,0.3804375804375804,0.02208553651726206,0.262673262711184
b-Amyloid_X42,% Time Body Contact,0.024672094122468208,0.4314028314028314,0.008614156639988095,0.18443195785691574
DAT,% Time Body Contact,0.08785248791720363,0.3858429858429858,0.020116563927264318,0.262673262711184
GAMT_2,% Time Body Contact,0.02646668117714792,0.3703989703989704,0.02616695885167245,0.2816391097456324
LRRK2,% Time Alone,0.06478199532283026,-0.40772200772200773,0.013575168873014215,0.23134350287761724
VMAT2,% Time Alone,0.05047609389893951,-0.005405405405405406,0.9750398473755058,0.9905697474179498
CD47,% Time Alone,0.016700597392536938,-0.11351351351351352,0.509779996281043,0.8602007516041669
ApoE,% Time Alone,0.026942008272039308,-0.1866151866151866,0.27580847802458225,0.6811241248872286
GFAP,% Time Alone,0.019361448697593035,-0.1799227799227799,0.2937009596443828,0.6943566040147547
GBA1,% Time Alone,0.1867623739502964,0.16241956241956243,0.34392952606075067,0.7403535587307738
APP,% Time Alone,0.07350467546690898,0.07027027027027027,0.6838273588295353,0.9051105616816204
EAAT1,% Time Alone,0.3140872282883771,0.16036036036036036,0.35016393230725984,0.7459221266336942
Calreticulin,% Time Alone,0.03102544527540142,-0.1274131274131274,0.45898141329025,0.8415065742211503
b-Amyloid_X40,% Time Alone,0.0751855090754451,-0.43397683397683395,0.008182948006735042,0.18443195785691574
SLC6A8,% Time Alone,0.050194557497441866,-0.25070785070785073,0.14025809290825425,0.5121924999953213
b-Amyloid_X42,% Time Alone,0.0263476123986705,-0.2893178893178893,0.08699570655404702,0.4431495911920056
K48-Ubiquitin,% Time Alone,0.008673336665846817,-0.24761904761904763,0.14537393880566093,0.5170255736653506
DAT,% Time Alone,0.06911291113079741,-0.42908622908622907,0.009018677645814951,0.18443195785691574
GAMT_2,% Time Alone,0.021082583218575947,-0.23552123552123552,0.166726878894991,0.551199850771587
VMAT2,% Time Depressed,0.020751173338120227,0.20675894215419524,0.22631780591661113,0.6223583953498385
LC3B,% Time Depressed,0.2405933056284068,0.45111041924551687,0.005755759418148499,0.16260949363608793
p-Tau_S202_T205,% Time Depressed,0.2668486320571937,0.322626344357667,0.05497011564927467,0.40333967197678683
GAD65,% Time Depressed,0.039000818446689255,0.12462182814773412,0.4689597175840149,0.8415065742211503
DAT,% Time Depressed,0.00577727501691987,0.33987771313018394,0.042547985836794554,0.3661121656557513
GAMT_2,% Time Depressed,0.01175923566852955,0.3392340053401647,0.04296670892781433,0.3661121656557513
LRRK2,ACTH Challenge Cortisol,0.051622303298316956,-0.24324324324324326,0.15285310160957333,0.5298043945619957
CD47,ACTH Challenge Cortisol,0.017948656540325587,-0.08159588159588159,0.636150730939754,0.884985200525032
p-Tau_S202_T205,ACTH Challenge Cortisol,0.2153021828258176,-0.14517374517374518,0.39822785012149986,0.7901228248995601
TMEM230_C20orf30,ACTH Challenge Cortisol,0.1659893447303184,-0.38223938223938225,0.0214121659848829,0.262673262711184
Calreticulin,ACTH Challenge Cortisol,0.004349479824655678,-0.1848133848133848,0.2805542152006618,0.6830159167682779
b-Amyloid_X40,ACTH Challenge Cortisol,0.06518996908509478,-0.4705276705276705,0.003779105365490397,0.12305156058142831
SLC6A8,ACTH Challenge Cortisol,0.049505941931103525,-0.24581724581724582,0.14842048751072537,0.5233101671714369
DAT,ACTH Challenge Cortisol,0.02014049798943745,-0.38635778635778634,0.019936925562126367,0.262673262711184
GAMT_2,ACTH Challenge Cortisol,0.01136314537690874,-0.23243243243243245,0.1725220162763048,0.5512617551328802
LRRK2,Acute Stress Cortisol,0.044408138590123464,-0.11093951093951095,0.519485539477333,0.8602007516041669
a-Synuclein_pS129,Acute Stress Cortisol,0.02979116687546825,-0.2478764478764479,0.14494247902803797,0.5170255736653506
VMAT2,Acute Stress Cortisol,0.0340853687834274,0.22496782496782497,0.18711763588752972,0.5834232717025272
CD47,Acute Stress Cortisol,0.020534997395103678,0.21158301158301157,0.21542774121066874,0.6125021695550462
ApoE,Acute Stress Cortisol,0.039613401358085165,0.17606177606177606,0.30435416169607055,0.6980271827934679
Synaptobrevin2,Acute Stress Cortisol,0.23713753305458132,0.287001287001287,0.08966859543294617,0.4431495911920056
PrP_CD230,Acute Stress Cortisol,0.2915909399109839,0.35855855855855856,0.031761178187734475,0.3221191931683426
Casp3_Acti,Acute Stress Cortisol,0.16546101659090495,-0.33925353925353924,0.0429539536387242,0.3661121656557513
3NT,Acute Stress Cortisol,0.29949629713442016,-0.4015444015444015,0.015208206771414639,0.24822058921013504
Calreticulin,Acute Stress Cortisol,0.009562392204299603,-0.10193050193050193,0.5541564569625909,0.8747061485176555
b-Amyloid_X40,Acute Stress Cortisol,0.06309500664332768,-0.2164736164736165,0.20476111504809608,0.6024985327674194
b-Amyloid_X42,Acute Stress Cortisol,0.046263356539150584,-0.28236808236808236,0.09520331354575139,0.4490457452292823
K48-Ubiquitin,Acute Stress Cortisol,0.11558390468031252,-0.31891891891891894,0.057983624873177826,0.40371996200030236
DAT,Acute Stress Cortisol,0.026088885687831298,-0.10862290862290862,0.5282976942630376,0.8622290488475833
GAMT_2,Acute Stress Cortisol,0.06739534480232974,-0.2885456885456886,0.08787975628562068,0.4431495911920056
VMAT2,CSF Ab42/Ab40,0.0345638851505117,-0.10347490347490347,0.5481369254203505,0.8723268579646825
CD47,CSF Ab42/Ab40,0.05685600039776904,-0.10218790218790219,0.5531510597915836,0.8747061485176555
Casp3_Acti,CSF Ab42/Ab40,0.0953163212560973,0.21441441441441442,0.20920670265731828,0.606847811254207
3NT,CSF Ab42/Ab40,0.17202324067482747,0.131016731016731,0.4462691969966771,0.8259009120888731
Calreticulin,CSF Ab42/Ab40,0.007514796610256539,0.3776061776061776,0.023179164082299402,0.26334105860167933
b-Amyloid_X40,CSF Ab42/Ab40,0.05641530460482288,0.08983268983268983,0.602346225665658,0.875130681111067
SLC6A8,CSF Ab42/Ab40,0.050639516665342714,0.3758043758043758,0.023898204278416723,0.26417204188844434
b-Amyloid_X42,CSF Ab42/Ab40,0.08306483314329613,0.48906048906048905,0.0024714036130362507,0.11646245798321181
K48-Ubiquitin,CSF Ab42/Ab40,0.09666644768432635,0.4494208494208494,0.005963673360736722,0.16260949363608793
DAT,CSF Ab42/Ab40,0.022703387503226768,0.20643500643500642,0.22706226845169764,0.6223583953498385
GAMT_2,CSF Ab42/Ab40,0.05592030737619542,0.30321750321750324,0.0722265536278675,0.42200943476854014
CD47,CSF Ab40,0.019050628441959462,0.14903474903474903,0.3856627678170226,0.7864462989588504
Calreticulin,CSF Ab40,0.00514661437766412,-0.10527670527670528,0.5411533858826632,0.867757955181101
GFAP,CSF Ab42,0.03856116268476695,-0.040154440154440155,0.8161360457827165,0.9536822035103082
LRRK2,CSF pTau181,0.018347949698779616,-0.03218331723559824,0.852183498542228,0.9537246659091817
VMAT2,CSF pTau181,0.009556556191401116,0.09552008555525557,0.579466730095056,0.875130681111067
CD47,CSF pTau181,0.006790429346721515,-0.046086510281376676,0.7895446367262361,0.9523924293530209
GFAP,CSF pTau181,0.01826346230912053,-0.26699279978652296,0.1154528646706338,0.4557986667245959
DAT,CSF pTau181,0.0104083761737281,-0.03038105147040474,0.8603775838063251,0.9537246659091817
GAMT_2,CSF pTau181,0.013144176864266471,-0.00875386228808272,0.9595881362774981,0.9905697474179498
VMAT2,LAD Atherosclerosis,0.006106711004041227,-0.1806949806949807,0.2915993534090535,0.693396136885482
CD47,LAD Atherosclerosis,0.015879476245545372,-0.1444015444015444,0.4007688178255181,0.7901228248995601
GAD65,LAD Atherosclerosis,0.3918022768693964,-0.051737451737451735,0.7644288749478402,0.9417211140170683
GAMT_2,LAD Atherosclerosis,0.025885498226876587,0.11222651222651223,0.514621410282258,0.8602007516041669
a-Synuclein_pS129,Coronary Artery Atherosclerosis,0.04508830492573184,0.2882882882882883,0.08817597187186574,0.4431495911920056
VMAT2,Coronary Artery Atherosclerosis,0.046894093990604756,-0.1758043758043758,0.3050729765442254,0.6980271827934679
CD47,Coronary Artery Atherosclerosis,0.017129146201381715,-0.15752895752895754,0.3588472078841596,0.7526590155108783
ApoE,Coronary Artery Atherosclerosis,0.07436035386280926,-0.03346203346203346,0.8463789316546749,0.9537246659091817
PARKIN,Coronary Artery Atherosclerosis,0.18544840045611907,-0.06023166023166023,0.7271246300663884,0.9235837692458163
Synaptobrevin2,Coronary Artery Atherosclerosis,0.21729372722740012,-0.09266409266409266,0.590907286650481,0.875130681111067
Calreticulin,Coronary Artery Atherosclerosis,0.032250204373711046,0.131016731016731,0.4462691969966771,0.8259009120888731
SLC6A8,Coronary Artery Atherosclerosis,0.06762532214607819,0.21441441441441442,0.20920670265731828,0.606847811254207
b-Amyloid_X42,Coronary Artery Atherosclerosis,0.0440214303212167,0.2947232947232947,0.08099794596059472,0.4431495911920056
DAT,Coronary Artery Atherosclerosis,0.011602733258548081,0.029601029601029602,0.8639284978203253,0.9537246659091817
GAMT_2,Coronary Artery Atherosclerosis,0.03870589469238593,0.23732303732303733,0.16341162477479154,0.551199850771587
a-Synuclein_pS129,Systolic BP,0.019673494728866738,0.25976701263027824,0.1260174483272721,0.4816928632322831
VMAT2,Systolic BP,0.014712248360442983,-0.02947802075933286,0.8644887157189938,0.9537246659091817
Calreticulin,Systolic BP,0.009817708006812392,0.16759992588930736,0.3285472800440725,0.7263558785839226
GAMT_2,Systolic BP,0.01547970191288116,0.2685203113710408,0.11330733372496975,0.4557986667245959
VMAT2,Diastolic BP,0.0477266358411015,0.07132741616135851,0.6793222719113294,0.9051105616816204
CD47,Diastolic BP,0.006715000565594643,0.01326123441267135,0.9388124044754587,0.9882826570706651
GAD65,Diastolic BP,0.3382948492850195,0.08767864694203097,0.6111118574636867,0.8809034891816521
Calreticulin,Diastolic BP,0.009517748920406001,0.28891466040810204,0.08745648174327332,0.4431495911920056
b-Amyloid_X42,Diastolic BP,0.005843327408335204,0.27217718008142944,0.10829292006337912,0.4557986667245959
GAMT_2,Diastolic BP,0.024942390441421394,0.2569846979387574,0.13027153357286997,0.4908916694468482
a-Synuclein_pS129,Mean BP,0.045414236048275464,0.34114623942987915,0.04173247264279759,0.3661121656557513
GAD65,Mean BP,0.09528516518453828,0.11551837552608592,0.5022837782496008,0.8602007516041669
Calreticulin,Mean BP,0.034347272169910695,0.27173218769235374,0.10889398336360832,0.4557986667245959
GAMT_2,Mean BP,0.013165313194487658,0.26915652714550675,0.1124226127129856,0.4557986667245959
a-Synuclein_pS129,Pulse Wave Velocity,0.026621391043717777,0.2743078482392007,0.10544965849707208,0.4557986667245959
VMAT2,Pulse Wave Velocity,0.02191275495876968,-0.07572442007730047,0.6607028151519672,0.8977656192596497
PrP_CD230,Pulse Wave Velocity,0.02885517143277634,-0.0911783833583822,0.5968977005441434,0.875130681111067
Casp3_Acti,Pulse Wave Velocity,0.12182170014536109,0.2338699776537035,0.1698072889907578,0.551199850771587
Calreticulin,Pulse Wave Velocity,0.010620480510312452,0.15028979290851982,0.3816287955933234,0.7864462989588504
b-Amyloid_X40,Pulse Wave Velocity,0.05449584336208131,0.0034771417382433887,0.9839423854654019,0.991212895702831
b-Amyloid_X42,Pulse Wave Velocity,0.0733502387474769,0.2392788648020821,0.15986697777260153,0.5494587723444876
K48-Ubiquitin,Pulse Wave Velocity,0.15203887894256388,0.3681906751717722,0.027143588232889215,0.2846596817244023
DAT,Pulse Wave Velocity,0.04547877127797982,0.03541533251914563,0.8375276324178781,0.9537246659091817
GAMT_2,Pulse Wave Velocity,0.02932240056207411,0.2112041648414503,0.21626967787169443,0.6125021695550462
CD47,Day VLF HR Oscillations,0.004977036629706051,0.195508076857641,0.2531552148244097,0.6553195117923011
GFAP,Day VLF HR Oscillations,0.03727847250354852,-0.054186241183059154,0.7536166102529518,0.9312060229409586
GATM_1,Day VLF HR Oscillations,0.3153681094122721,-0.08958105430738521,0.6033674327653322,0.875130681111067
p-Tau_S202_T205,Day VLF HR Oscillations,0.053557793626355044,0.08443271785293778,0.6244216155767615,0.884985200525032
GAD65,Day VLF HR Oscillations,0.13561689021435663,0.08288821691660356,0.6307964392143409,0.884985200525032
Calreticulin,Day VLF HR Oscillations,0.004974467731601544,0.18083531796246582,0.2912184535764893,0.693396136885482
DAT,Day VLF HR Oscillations,0.010846287925143238,0.04852307108316699,0.7786880371171497,0.9457662188174041
GAMT_2,Day VLF HR Oscillations,0.013801657630111607,0.007593796270309953,0.9649399907570733,0.9905697474179498
CD47,Day %LF HR Oscillations,0.010673483649216386,-0.04581724581724582,0.790746838600484,0.9523924293530209
PARKIN,Day %LF HR Oscillations,0.10244977583934853,0.015186615186615187,0.9299491110104222,0.9882826570706651
Calreticulin,Day %LF HR Oscillations,0.004274200441305782,-0.0936936936936937,0.5867714738199759,0.875130681111067
b-Amyloid_X42,Day %LF HR Oscillations,0.03690396916872125,0.033204633204633204,0.8475467370962678,0.9537246659091817
DAT,Day %LF HR Oscillations,0.004065880165462951,0.013384813384813385,0.9382432925559079,0.9882826570706651
GAMT_2,Day %LF HR Oscillations,0.03613623741762933,0.01673101673101673,0.92284555932558,0.9854930385487264
VMAT2,Day %HF HR Oscillations,0.02526327906087253,-0.23526383526383526,0.16720439909640714,0.551199850771587
CD47,Day %HF HR Oscillations,0.029691681761317777,-0.30321750321750324,0.0722265536278675,0.42200943476854014
ApoE,Day %HF HR Oscillations,0.0793422868710323,-0.25662805662805666,0.13082443024378107,0.4908916694468482
GATM_1,Day %HF HR Oscillations,0.1931563136471111,0.01904761904761905,0.9122014112003571,0.9818167820551212
Calreticulin,Day %HF HR Oscillations,0.016495270488312026,-0.2658944658944659,0.11701432764323368,0.4557986667245959
b-Amyloid_X40,Day %HF HR Oscillations,0.029768318966237932,-0.05714285714285714,0.7406235141902406,0.9263456186660809
DAT,Day %HF HR Oscillations,0.021389224541041585,-0.17374517374517376,0.310862184939151,0.6980271827934679
VMAT2,Day LF/HF HR Oscillations,0.009998513709694306,0.0664135402623718,0.7003533549666057,0.9122437012144641
CD47,Day LF/HF HR Oscillations,0.017910868389552043,0.18624107123963562,0.2767895253379872,0.6811241248872286
b-Amyloid_X40,Day LF/HF HR Oscillations,0.02988933266541991,0.08250209168252,0.6323942775837244,0.884985200525032
b-Amyloid_X42,Day LF/HF HR Oscillations,0.006032069887272648,0.1256194094885172,0.4653804770209812,0.8415065742211503
VMAT2,Day SDNN HR Sdnn,0.00883665269459772,0.08648648648648649,0.6159863029485391,0.8809034891816521
CD47,Day SDNN HR Sdnn,0.03718288388707451,0.19202059202059202,0.2618867358391945,0.6611831787545095
EAAT1,Day SDNN HR Sdnn,0.10762799931571729,0.02676962676962677,0.8768395437558167,0.961467488997665
Casp3_Acti,Day SDNN HR Sdnn,0.06805828648165646,-0.12458172458172458,0.4691039093457757,0.8415065742211503
b-Amyloid_X42,Day SDNN HR Sdnn,0.027068217080730962,0.03088803088803089,0.8580710885452417,0.9537246659091817
DAT,Day SDNN HR Sdnn,0.026046237867664718,-0.03912483912483913,0.8207729477643728,0.9536822035103082
GAMT_2,Day SDNN HR Sdnn,0.01818429369614843,-0.11196911196911197,0.5155924240566605,0.8602007516041669
CD47,Day RMSSD,0.014105052159308334,0.2164736164736165,0.20476111504809608,0.6024985327674194
APP,Day RMSSD,0.12864480058208252,0.12380952380952381,0.47188490752141254,0.8424399121431017
DAT,Day RMSSD,0.006604601878014225,-0.07593307593307594,0.6598241026691998,0.8977656192596497
VMAT2,Day Mean Heart Rate,0.007494251388680414,0.0924066924066924,0.5919432370371803,0.875130681111067
LC3B,Day Mean Heart Rate,0.15546502660505684,0.03191763191763192,0.8533905131883249,0.9537246659091817
Calreticulin,Day Mean Heart Rate,0.016136346296203634,-0.036293436293436294,0.8335548618903379,0.9537246659091817
K48-Ubiquitin,Day Mean Heart Rate,0.04210652236613567,-0.07078507078507079,0.6816321528355436,0.9051105616816204
VMAT2,Night  %VLF HR Oscillations,0.013960374916968237,-0.14002574002574003,0.4153423181101765,0.7975352493289305
CD47,Night  %VLF HR Oscillations,0.01300832365732528,-0.13796653796653796,0.42230252568539295,0.8012937066256256
Calreticulin,Night  %VLF HR Oscillations,0.006482562595911573,-0.2375804375804376,0.16294191960774568,0.551199850771587
DAT,Night  %VLF HR Oscillations,0.01645312467758757,-0.09472329472329473,0.5826485210308536,0.875130681111067
VMAT2,Night LF HR Oscillations,0.02005690657497559,0.09460068235047145,0.5831388342619653,0.875130681111067
CD47,Night LF HR Oscillations,0.029933727366486376,0.0628097047442586,0.7159193094631766,0.9229152616272678
ApoE,Night LF HR Oscillations,0.0721863470648314,0.10618443937297815,0.5376512887290867,0.867757955181101
Calreticulin,Night LF HR Oscillations,0.006575496648712962,0.23412060026599668,0.16933715029756638,0.551199850771587
DAT,Night LF HR Oscillations,0.01217347359262053,0.06023553651703488,0.7271077394300862,0.9235837692458163
VMAT2,Night %HF Oscillations,0.0029275489284270456,0.24364502270672442,0.15215494804801133,0.5298043945619957
b-Amyloid_X40,Night %HF Oscillations,0.01873438906899142,-0.061908745864730295,0.719828773738627,0.9229152616272678
DAT,Night %HF Oscillations,0.017478510089553475,0.09254134776869248,0.5914011946708302,0.875130681111067
a-Synuclein_pS129,Night LF/HF HR Oscillations,0.127403942523215,0.14491634491634492,0.3990738075095386,0.7901228248995601
VMAT2,Night LF/HF HR Oscillations,0.03339034144736257,-0.009523809523809525,0.9560370036644701,0.9905697474179498
CD47,Night LF/HF HR Oscillations,0.0536314606101444,-0.04221364221364221,0.8068808123696289,0.9523924293530209
APP,Night LF/HF HR Oscillations,0.11160873113192336,0.14749034749034748,0.3906607823136151,0.7901228248995601
TMEM230_C20orf30,Night LF/HF HR Oscillations,0.09041320129176626,-0.17477477477477477,0.3079589841280904,0.6980271827934679
Calreticulin,Night LF/HF HR Oscillations,0.05249453212445309,0.15083655083655084,0.3798791642384791,0.7864462989588504
b-Amyloid_X40,Night LF/HF HR Oscillations,0.04150512673933862,-0.16164736164736165,0.3462594501642433,0.7414665712941126
SLC6A8,Night LF/HF HR Oscillations,0.020438066019382545,0.012355212355212355,0.9429857553754213,0.988784059521831
DAT,Night LF/HF HR Oscillations,0.005275661129431762,-0.1377091377091377,0.4231771164575431,0.8012937066256256
GAMT_2,Night LF/HF HR Oscillations,0.018098182751305772,-0.03191763191763192,0.8533905131883249,0.9537246659091817
a-Synuclein_pS129,Night SDNN,0.10998531417589902,-0.07927927927927927,0.6457941256636996,0.8922149213895394
VMAT2,Night SDNN,0.037234985219728296,0.0731016731016731,0.6717857724608014,0.9023172928543337
CD47,Night SDNN,0.05894233982451169,-0.003861003861003861,0.9821699588267139,0.991212895702831
ApoE,Night SDNN,0.058553946199188606,-0.1009009009009009,0.5581865642129782,0.8747061485176555
PrP_CD230,Night SDNN,0.1556132215535218,0.04221364221364221,0.8068808123696289,0.9523924293530209
APP,Night SDNN,0.19959365263295226,-0.09601029601029601,0.5775130715932626,0.875130681111067
Calreticulin,Night SDNN,0.02330917058751428,0.0416988416988417,0.8091922527004051,0.9523924293530209
SLC6A8,Night SDNN,0.051818790203859634,-0.17323037323037324,0.31232023093204064,0.6980271827934679
CD47,Night RMSSD,0.017592281326615507,0.06486486486486487,0.7070282214645341,0.9151093119588433
LRRK2,Night Mean Heart Rate,0.01295163480377064,0.2018018018018018,0.23789291964959355,0.6383221868712128
a-Synuclein_pS129,Night Mean Heart Rate,0.04980862057515618,-0.044787644787644784,0.7953481269901993,0.9523924293530209
VMAT2,Night Mean Heart Rate,0.005380503229324725,-0.001287001287001287,0.9940562329126095,0.9940562329126095
Casp3_Acti,Night Mean Heart Rate,0.03161532301446598,0.05791505791505792,0.7372414558571982,0.9263456186660809
Calreticulin,Night Mean Heart Rate,0.010901082574549598,-0.06975546975546976,0.6860251201009837,0.9051105616816204
b-Amyloid_X40,Night Mean Heart Rate,0.014119865796823573,0.16885456885456884,0.3248869604177673,0.7221672109286241
DAT,Night Mean Heart Rate,0.014419569626214079,0.08674388674388675,0.6149324779525247,0.8809034891816521
a-Synuclein_pS129,% Change Brain Volume,0.11908598959864038,-0.38198198198198197,0.0215073035369096,0.262673262711184
LC3B,% Change Brain Volume,0.1924001823304947,-0.38275418275418277,0.021222940328564057,0.262673262711184
APP,% Change Brain Volume,0.10811581986877448,-0.08391248391248392,0.626565879090486,0.884985200525032
SLC6A8,% Change Brain Volume,0.03552656722595392,-0.27876447876447874,0.09968583138488457,0.4543822218686951
GAMT_2,% Change Brain Volume,0.03737772927587959,-0.21904761904761905,0.19929695726103047,0.5998429998382693
a-Synuclein_pS129,% Change White Matter,0.038450444725339344,0.2241956241956242,0.18867574542449125,0.5834232717025272
VMAT2,% Change White Matter,0.02467076260110629,0.1009009009009009,0.5581865642129782,0.8747061485176555
CD47,% Change White Matter,0.01141602194800714,0.16525096525096525,0.3354685349802575,0.7289368229159061
ApoE,% Change White Matter,0.04152915922240376,0.16602316602316602,0.3331834074472586,0.7289368229159061
GFAP,% Change White Matter,0.45687429793474515,0.6195624195624195,5.595578766360325e-05,0.008824449287146829
APP,% Change White Matter,0.030327446915970325,-0.037065637065637064,0.8300645717753614,0.9537246659091817
EAAT1,% Change White Matter,0.1552970290512047,0.1232947232947233,0.4737437158750939,0.8424399121431017
TMEM230_C20orf30,% Change White Matter,0.339996058235627,0.19253539253539254,0.2605854978496294,0.6611831787545095
Calreticulin,% Change White Matter,0.022242173841685135,-0.07361647361647361,0.6696049031913536,0.9023172928543337
SLC6A8,% Change White Matter,0.009021471356484729,0.06126126126126126,0.7226426908278502,0.9235837692458163
GAMT_2,% Change White Matter,0.0394278742407472,0.09214929214929216,0.5929799830194369,0.875130681111067
Calreticulin,% Change Total Gray Matter,0.0412047004331623,-0.1166023166023166,0.4982542275731321,0.8602007516041669
LRRK2,% ChangeDeep Gray Matter,0.029725968513867874,0.4875160875160875,0.002562743574202705,0.11646245798321181
a-Synuclein_pS129,% ChangeDeep Gray Matter,0.04668334772605837,0.35057915057915057,0.03605667200642275,0.3429576476889978
VMAT2,% ChangeDeep Gray Matter,0.008355856062506236,0.28211068211068213,0.09551828810500626,0.4490457452292823
CD47,% ChangeDeep Gray Matter,0.044177232233081974,0.31557271557271555,0.06081472430796487,0.40371996200030236
EAAT1,% ChangeDeep Gray Matter,0.21786534934240798,0.27773487773487776,0.10099561474261205,0.4543822218686951
Calreticulin,% ChangeDeep Gray Matter,0.05847532175979686,0.0918918918918919,0.5940175229515066,0.875130681111067
b-Amyloid_X40,% ChangeDeep Gray Matter,0.03687888222148843,0.20643500643500642,0.22706226845169764,0.6223583953498385
DAT,% ChangeDeep Gray Matter,0.05067640413812601,0.32097812097812095,0.056294068210737555,0.40371996200030236
GAMT_2,% ChangeDeep Gray Matter,0.026188187916481954,0.14594594594594595,0.3956961768333628,0.7901228248995601
PARKIN,% Change Cortical Gray Matter,0.46544314936661446,-0.5351351351351351,0.0007715053820003809,0.06310914024763116
EAAT1,% Change Cortical Gray Matter,0.20512239400229298,-0.20772200772200772,0.22411433770372355,0.6223583953498385
Calreticulin,% Change Cortical Gray Matter,0.017620425908406196,-0.11969111969111969,0.4868623397268197,0.8562783626942767
LRRK2,% Change CSF,0.02412091072511679,0.43912483912483913,0.007375615647011983,0.17744863527222948
VMAT2,% Change CSF,0.03797619970494993,0.27181467181467184,0.10878237999854211,0.4557986667245959
CD47,% Change CSF,0.02995897024058445,0.2803088803088803,0.09774546821643569,0.454294278415025
ApoE,% Change CSF,0.08296806507677047,0.3575289575289575,0.032290677065775174,0.3221191931683426
GBA1,% Change CSF,0.10121825425700771,-0.14105534105534107,0.41188663966841266,0.7975352493289305
Calreticulin,% Change CSF,0.011465378356513378,0.043243243243243246,0.8022627793972891,0.9523924293530209
DAT,% Change CSF,0.012474659577012808,0.2682110682110682,0.11373925401570756,0.4557986667245959
GAMT_2,% Change CSF,0.07854533307033568,0.055341055341055344,0.7485335280007503,0.9305347663531719
a-Synuclein_pS129,% Change Left Putamen,0.03250037126887686,0.017245817245817245,0.9204789872976602,0.9854930385487264
CD47,% Change Left Putamen,0.009669118459041144,0.07387387387387387,0.6685154641831124,0.9023172928543337
ApoE,% Change Left Putamen,0.007568002468124533,-0.029858429858429857,0.8627564341744604,0.9537246659091817
GFAP,% Change Left Putamen,0.01152351136825912,-0.11943371943371943,0.48780650001898895,0.8562783626942767
Calreticulin,% Change Left Putamen,0.003696400290539106,-0.1402831402831403,0.4144768685276058,0.7975352493289305
b-Amyloid_X42,% Change Left Putamen,0.004687799228538691,0.005148005148005148,0.9762280817082978,0.9905697474179498
DAT,% Change Left Putamen,0.005168437083842836,-0.10476190476190476,0.5431443435852368,0.867757955181101
GAMT_2,% Change Left Putamen,0.0037675873253951724,0.03449163449163449,0.8417109556918972,0.9537246659091817
LRRK2,% Change Right Putamen,0.014529271180854548,-0.08030888030888031,0.6415010301805824,0.8894031231995192
a-Synuclein_pS129,% Change Right Putamen,0.009133220416199222,0.021879021879021878,0.8992124820038562,0.9742339745472754
VMAT2,% Change Right Putamen,0.013025803507304054,-0.2767052767052767,0.10231844973926173,0.4543822218686951
CD47,% Change Right Putamen,0.029243809474116186,-0.131016731016731,0.4462691969966771,0.8259009120888731
ApoE,% Change Right Putamen,0.006572856341179133,-0.22368082368082368,0.18971954801084626,0.5834232717025272
Calreticulin,% Change Right Putamen,0.018063053663444947,-0.21081081081081082,0.21714624593027312,0.6125021695550462
b-Amyloid_X40,% Change Right Putamen,0.006967263173778781,0.05714285714285714,0.7406235141902406,0.9263456186660809
SLC6A8,% Change Right Putamen,0.011141555545683657,0.018018018018018018,0.9169303963136006,0.9843163571975397
b-Amyloid_X42,% Change Right Putamen,0.007845796493484904,0.07284427284427285,0.672877198827804,0.9023172928543337
DAT,% Change Right Putamen,0.012362359670404107,-0.06486486486486487,0.7070282214645341,0.9151093119588433
LRRK2,% Change Left Caudate,0.050002994449610955,0.025225225225225224,0.883895364266509,0.9640352106266726
VMAT2,% Change Left Caudate,0.009981834050591637,-0.10501930501930502,0.5421484293759669,0.867757955181101
CD47,% Change Left Caudate,0.010131413429324021,-0.1861003861003861,0.2771590326241944,0.6811241248872286
GBA1,% Change Left Caudate,0.05705571816534373,-0.037065637065637064,0.8300645717753614,0.9537246659091817
p-Tau_S202_T205,% Change Left Caudate,0.04904257122601669,-0.07773487773487774,0.6522549180818393,0.8922149213895394
Calreticulin,% Change Left Caudate,0.014173848341934761,-0.04864864864864865,0.7781295974391232,0.9457662188174041
b-Amyloid_X40,% Change Left Caudate,0.07529445234848738,0.14877734877734877,0.3864931689259876,0.7864462989588504
SLC6A8,% Change Left Caudate,0.013343494242445424,0.09292149292149292,0.5898721335006827,0.875130681111067
DAT,% Change Left Caudate,0.023706332345173373,0.029086229086229085,0.8662734808563062,0.9537246659091817
GAMT_2,% Change Left Caudate,0.01747750843297524,0.09111969111969112,0.5971348899233004,0.875130681111067
VMAT2,% Change Right Caudate,0.08581825812597908,-0.4195624195624196,0.010856245749201205,0.21143831006777586
CD47,% Change Right Caudate,0.04719360359472309,-0.22162162162162163,0.19393537871003244,0.5919370887492781
ApoE,% Change Right Caudate,0.045458817224847514,-0.4095238095238095,0.013127710259387838,0.23134350287761724
GFAP,% Change Right Caudate,0.15461274042933718,-0.29009009009009007,0.08611852755332458,0.4431495911920056
Synaptobrevin2,% Change Right Caudate,0.2510208641830284,-0.2617760617760618,0.12301053162208427,0.4746349757870988
PrP_CD230,% Change Right Caudate,0.35474567075704644,-0.25122265122265125,0.13941847601371873,0.5121924999953213
GBA1,% Change Right Caudate,0.03490393898678249,-0.040154440154440155,0.8161360457827165,0.9536822035103082
APP,% Change Right Caudate,0.08987868134249327,-0.12586872586872586,0.46448822095019704,0.8415065742211503
Casp3_Acti,% Change Right Caudate,0.08655594722325842,-0.026254826254826256,0.8791904727183318,0.9614676559941115
3NT,% Change Right Caudate,0.12272490132107805,-0.009266409266409266,0.957224089711223,0.9905697474179498
Calreticulin,% Change Right Caudate,0.024784800964813402,-0.26615186615186615,0.11664697788867122,0.4557986667245959
SLC6A8,% Change Right Caudate,0.009513899146939333,-0.10888030888030888,0.527314987509208,0.8622290488475833
b-Amyloid_X42,% Change Right Caudate,0.037049440776277524,-0.05045045045045045,0.7701292149907082,0.9430624219496996
K48-Ubiquitin,% Change Right Caudate,0.09100536939488378,-0.011583011583011582,0.9465438786013735,0.988784059521831
GAMT_2,% Change Right Caudate,0.035035015039111925,0.02445302445302445,0.8874266102941011,0.9653124564103387
LRRK2,Sup.Temp.Gyrus Thickness-Left,0.05040210802500326,-0.48931788931788933,0.0024564600101225514,0.11646245798321181
VMAT2,Sup.Temp.Gyrus Thickness-Left,0.033596331940546495,-0.31402831402831405,0.0621577387621517,0.40371996200030236
CD47,Sup.Temp.Gyrus Thickness-Left,0.0320046687743527,-0.14465894465894466,0.39992079696286653,0.7901228248995601
Calreticulin,Sup.Temp.Gyrus Thickness-Left,0.014503421004812046,-0.3075933075933076,0.06800765647541362,0.40904605144770845
b-Amyloid_X42,Sup.Temp.Gyrus Thickness-Left,0.06891331129378621,-0.2059202059202059,0.22824880025055203,0.6223583953498385
DAT,Sup.Temp.Gyrus Thickness-Left,0.03100236599156339,-0.297039897039897,0.07852781027349559,0.4431495911920056
GAMT_2,Sup.Temp.Gyrus Thickness-Left,0.034761893795163035,-0.31068211068211066,0.06514796452816615,0.40371996200030236
a-Synuclein_pS129,Sup.Temp.Gyrus Thickness-Right,0.019317321313363667,-0.28777348777348777,0.08877070863634198,0.4431495911920056
VMAT2,Sup.Temp.Gyrus Thickness-Right,0.009373551218169542,-0.3142857142857143,0.061932290416086055,0.40371996200030236
ApoE,Sup.Temp.Gyrus Thickness-Right,0.051191989078797726,-0.29498069498069496,0.08072054862691957,0.4431495911920056
GBA1,Sup.Temp.Gyrus Thickness-Right,0.14224565113225013,-0.11402831402831402,0.5078498267201463,0.8602007516041669
Calreticulin,Sup.Temp.Gyrus Thickness-Right,0.03909829907260293,-0.23294723294723294,0.17154630349087574,0.5512617551328802
SLC6A8,Sup.Temp.Gyrus Thickness-Right,0.14091390592572045,-0.1655083655083655,0.33470575731452634,0.7289368229159061
b-Amyloid_X42,Sup.Temp.Gyrus Thickness-Right,0.09097627540371253,-0.08957528957528957,0.6033908363650877,0.875130681111067
LRRK2,Mid.Temp.Gyrus Thickness-Left,0.05338465804349386,-0.39433719433719433,0.017319104790983343,0.25298263783972097
VMAT2,Mid.Temp.Gyrus Thickness-Left,0.015502871370301928,-0.20283140283140283,0.23545653338841932,0.6377597493765795
CD47,Mid.Temp.Gyrus Thickness-Left,0.009442002776809224,-0.043243243243243246,0.8022627793972891,0.9523924293530209
GFAP,Mid.Temp.Gyrus Thickness-Left,0.20164609264123529,-0.2931788931788932,0.08267787906410089,0.4431495911920056
GAMT_2,Mid.Temp.Gyrus Thickness-Left,0.007820759972423477,-0.20077220077220076,0.2403462512913613,0.6383221868712128
a-Synuclein_pS129,Mid.Temp.Gyrus Thickness-Right,0.06940373375218963,-0.15958815958815958,0.3525193716954591,0.7470488239556621
VMAT2,Mid.Temp.Gyrus Thickness-Right,0.03236639917664193,-0.17657657657657658,0.3029197569332133,0.6980271827934679
CD47,Mid.Temp.Gyrus Thickness-Right,0.04399015003092102,0.001287001287001287,0.9940562329126095,0.9940562329126095
ApoE,Mid.Temp.Gyrus Thickness-Right,0.08939165988346948,-0.11171171171171171,0.5165643451595487,0.8602007516041669
Synaptobrevin2,Mid.Temp.Gyrus Thickness-Right,0.021976302361652666,0.10785070785070786,0.5312511499012005,0.8622290488475833
PrP_CD230,Mid.Temp.Gyrus Thickness-Right,0.16919499634567142,0.1552123552123552,0.3660469538335063,0.7638428781525718
Calreticulin,Mid.Temp.Gyrus Thickness-Right,0.04922797715507419,-0.07078507078507079,0.6816321528355436,0.9051105616816204
SLC6A8,Mid.Temp.Gyrus Thickness-Right,0.1965573165885415,0.008236808236808236,0.9619733149498322,0.9905697474179498
b-Amyloid_X42,Mid.Temp.Gyrus Thickness-Right,0.08539405581699756,-0.03577863577863578,0.8358834679885124,0.9537246659091817
DAT,Mid.Temp.Gyrus Thickness-Right,0.041825448493396145,-0.07773487773487774,0.6522549180818393,0.8922149213895394
a-Synuclein_pS129,% Change Left Meta ROI,0.033321664009286975,-0.39768339768339767,0.01631039858894046,0.24822058921013504
VMAT2,% Change Left Meta ROI,0.012391144325732111,-0.22702702702702704,0.18300709846866953,0.580231808323146
GAMT_2,% Change Left Meta ROI,0.013704420250626953,-0.18275418275418276,0.2860423833751727,0.6881843223555625
Calreticulin,% Change Right Meta ROI,0.061049725232974236,-0.12458172458172458,0.4691039093457757,0.8415065742211503
LRRK2,Menstrual Cycle Length,0.056686216884017655,0.23633208324650246,0.16522902240688606,0.551199850771587
VMAT2,Menstrual Cycle Length,0.020883194537290678,0.1881641273150627,0.2717708037596777,0.6811241248872286
GATM_1,Menstrual Cycle Length,0.0440252453095934,-0.10895746181282892,0.5270206054215398,0.8622290488475833
DAT,Menstrual Cycle Length,0.008880336075898916,0.12737462143367353,0.4591182862513393,0.8415065742211503
GAMT_2,Menstrual Cycle Length,0.015944004171426412,0.15879970498252727,0.3549342443432858,0.7482892058577519
LRRK2,Mean Peak Progesterone,0.0619905603622251,-0.054826254826254826,0.7507982222409456,0.9305347663531719
CD47,Mean Peak Progesterone,0.006001108170864587,0.020077220077220077,0.9074753939775939,0.9793072193584061
ApoE,Mean Peak Progesterone,0.009848389129548125,0.0851994851994852,0.6212667426433112,0.884985200525032
GFAP,Mean Peak Progesterone,0.04712037350717417,0.1335907335907336,0.43730761900418136,0.8204532851959182
PARKIN,Mean Peak Progesterone,0.12459319291460123,0.18301158301158302,0.28535260034506005,0.6881843223555625
Casp3_Acti,Mean Peak Progesterone,0.09815716774789,0.03552123552123552,0.837048287721253,0.9537246659091817
Calreticulin,Mean Peak Progesterone,0.002594686839556367,0.33178893178893176,0.04805554973139737,0.37797538154118315
b-Amyloid_X40,Mean Peak Progesterone,0.07074580088614826,-0.004890604890604891,0.9774163664283427,0.9905697474179498
SLC6A8,Mean Peak Progesterone,0.03741515611886135,0.08159588159588159,0.636150730939754,0.884985200525032
b-Amyloid_X42,Mean Peak Progesterone,0.030116168351693798,0.11840411840411841,0.4915925569530186,0.8572316617275277
K48-Ubiquitin,Mean Peak Progesterone,0.09442835709222724,0.12046332046332046,0.48403552668521177,0.8562783626942767
DAT,Mean Peak Progesterone,0.03708344706015105,0.08262548262548262,0.6318834905113795,0.884985200525032
GAMT_2,Mean Peak Progesterone,0.037429957303864746,0.006177606177606178,0.971475471871122,0.9905697474179498
CD47,Total Sleep Time,0.04911185251473006,-0.24932423941898518,0.14253310063092126,0.5158941429915646
Calreticulin,Total Sleep Time,0.06109204189357181,-0.18573819178192857,0.2781118064942963,0.6811241248872286
SLC6A8,Total Sleep Time,0.011422140307259616,-0.1351525304026507,0.4319187214219854,0.814077221481991
b-Amyloid_X42,Total Sleep Time,0.025331057996639605,-0.09718110519428695,0.5728590193481337,0.875130681111067
DAT,Total Sleep Time,0.005654914905718022,-0.32230660583641657,0.05522499176210284,0.40333967197678683
GAMT_2,Total Sleep Time,0.019997606275873218,-0.06731883181008222,0.696461678433504,0.9100729280488918
LRRK2,Time to Sleep,0.07111567668907347,-0.0050532372648948165,0.9766655705998942,0.9905697474179498
a-Synuclein_pS129,Time to Sleep,0.04740493479155131,0.19927894649764688,0.24393453209476001,0.6436724104952054
VMAT2,Time to Sleep,0.013162705503669048,-0.14408204714264194,0.4018228547166467,0.7901228248995601
CD47,Time to Sleep,0.013519625665065463,-0.01425272049072897,0.9342472288105143,0.9882826570706651
ApoE,Time to Sleep,0.025069899828561042,0.014771001235846386,0.931861681432884,0.9882826570706651
GBA1,Time to Sleep,0.0543928098349888,-0.004664526706056753,0.9784600928040385,0.9905697474179498
APP,Time to Sleep,0.10912980790720425,0.09497494654276668,0.5816427694799015,0.875130681111067
b-Amyloid_X40,Time to Sleep,0.04986970486265773,0.11104164964140661,0.5190986875200551,0.8602007516041669
SLC6A8,Time to Sleep,0.028729467145443673,0.14991270552521288,0.3828382259666103,0.7864462989588504
DAT,Time to Sleep,0.005125392679646533,0.10806153535698146,0.530443999715783,0.8622290488475833
LRRK2,# Awakenings Night,0.05935401537862584,0.19210215733008318,0.26168028154418055,0.6611831787545095
a-Synuclein_pS129,# Awakenings Night,0.08359526186005665,0.04341946815575991,0.8014730201578557,0.9523924293530209
VMAT2,# Awakenings Night,0.06246715313800176,0.35521505550572724,0.03350704072233381,0.3262947537008221
CD47,# Awakenings Night,0.007226530864733919,0.16478783314901166,0.3368436663352231,0.7289368229159061
ApoE,# Awakenings Night,0.04257167617680294,0.14314251964703045,0.40493159037297455,0.7924259352274957
Calreticulin,# Awakenings Night,0.02574880976950622,0.1419829492808529,0.4087872794308861,0.7961618918439638
DAT,# Awakenings Night,0.018924591260197226,0.21877227575216715,0.19987655251423322,0.5998429998382693
GAMT_2,# Awakenings Night,0.009631928967649429,0.013012956331548222,0.9399558767738111,0.9882826570706651
LRRK2,24 Hour Activity,0.06505241390233663,0.06795366795366796,0.6937371763828443,0.9100729280488918
VMAT2,24 Hour Activity,0.020755132620601226,-0.010810810810810811,0.950103020518532,0.988784059521831
GBA1,24 Hour Activity,0.037746545775330105,-0.05714285714285714,0.7406235141902406,0.9263456186660809
b-Amyloid_X40,24 Hour Activity,0.03151335174095002,0.021621621621621623,0.9003922796549392,0.9742339745472754
DAT,24 Hour Activity,0.007077665521073428,0.010810810810810811,0.950103020518532,0.988784059521831
GAMT_2,24 Hour Activity,0.013442089874923438,-0.062033462033462036,0.7192871819623317,0.9229152616272678
VMAT2,Gait Speed,0.005951319372614006,0.0676962676962677,0.6948413978471004,0.9100729280488918
LRRK2,Calories/Day/KG,0.06610174962950657,0.4115830115830116,0.012631638479813974,0.23134350287761724
GFAP,Calories/Day/KG,0.0147584379242201,0.11814671814671815,0.4925414193299976,0.8572316617275277
Synaptobrevin2,Calories/Day/KG,0.2725715731733375,-0.3142857142857143,0.061932290416086055,0.40371996200030236
GBA1,Calories/Day/KG,0.08235825478318695,-0.27722007722007724,0.1016553962296547,0.4543822218686951
APP,Calories/Day/KG,0.10306142791373972,-0.17477477477477477,0.3079589841280904,0.6980271827934679
GATM_1,Calories/Day/KG,0.37932509488126714,0.22522522522522523,0.18660028845025062,0.5834232717025272
TMEM230_C20orf30,Calories/Day/KG,0.2695279285575217,0.3456885456885457,0.038915327081233145,0.361735654005099
Casp3_Acti,Calories/Day/KG,0.13821239532257776,0.2864864864864865,0.09027105478870248,0.4431495911920056
3NT,Calories/Day/KG,0.24225362586342158,0.2857142857142857,0.09118056954682717,0.4431495911920056
b-Amyloid_X40,Calories/Day/KG,0.07769314416045152,0.33564993564993567,0.04535930263669667,0.3739209095493265
DAT,Calories/Day/KG,0.048881650462842235,0.2671814671814672,0.1151862250087259,0.4557986667245959
GAMT_2,Calories/Day/KG,0.020184804895726962,0.26898326898326896,0.11266302829853223,0.4557986667245959
LRRK2,Calories/Day,0.02927625828814245,-0.28494208494208495,0.09209710330396205,0.4431495911920056
CD47,Calories/Day,0.009223350846915643,-0.02882882882882883,0.8674463953990601,0.9537246659091817
PARKIN,Calories/Day,0.12206548142331675,-0.3122265122265122,0.06375408538437059,0.40371996200030236
GBA1,Calories/Day,0.012237254792412723,-0.11171171171171171,0.5165643451595487,0.8602007516041669
GATM_1,Calories/Day,0.0681252367497563,0.055855855855855854,0.7462709038031299,0.9305347663531719
DAT,Calories/Day,0.014165023799852393,-0.1377091377091377,0.4231771164575431,0.8012937066256256
GAMT_2,Calories/Day,0.018372303754396916,-0.0978120978120978,0.5703578492288104,0.875130681111067
3NT,BMI,0.16350193500625282,-0.3093951093951094,0.06632776913449949,0.4048963817314969
Calreticulin,BMI,0.014159249783705374,-0.17734877734877735,0.30077621296877,0.6980271827934679
DAT,BMI,0.006946031961565962,-0.2759330759330759,0.1033191849236886,0.4543822218686951
VMAT2,% Whole Body Fat,0.018135425132289783,0.04144144144144144,0.8103485706964579,0.9523924293530209
CD47,% Whole Body Fat,0.01001760907415519,0.08725868725868725,0.6128271048541305,0.8809034891816521
ApoE,% Whole Body Fat,0.04688100111298956,-0.09163449163449164,0.5950558551832523,0.875130681111067
Calreticulin,% Whole Body Fat,0.04680032802443483,-0.0015444015444015444,0.992867507218649,0.9940562329126095
DAT,% Whole Body Fat,0.015028094682805132,-0.28957528957528955,0.08670255171572808,0.4431495911920056
GAMT_2,% Whole Body Fat,0.013562266286527127,-0.33513513513513515,0.04571160263439199,0.3739209095493265
VMAT2,Steatosis (0-Liver HU),0.00849913646093849,0.08983268983268983,0.602346225665658,0.875130681111067
CD47,Steatosis (0-Liver HU),0.009163748592933263,0.11171171171171171,0.5165643451595487,0.8602007516041669
LC3B,Steatosis (0-Liver HU),0.2855384859018146,0.468983268983269,0.003911174297209213,0.12305156058142831
Casp3_Acti,Steatosis (0-Liver HU),0.14723484314412616,0.37940797940797943,0.022478152065749244,0.262673262711184
Calreticulin,Steatosis (0-Liver HU),0.09642211536869318,0.4823680823680824,0.0028888353949871304,0.11815336765497363
b-Amyloid_X40,Steatosis (0-Liver HU),0.06358941970792831,0.5145431145431145,0.0013245193367261306,0.09028806812016457
SLC6A8,Steatosis (0-Liver HU),0.049939962083276106,0.47155727155727156,0.0036932242254936105,0.12305156058142831
b-Amyloid_X42,Steatosis (0-Liver HU),0.1223626627397855,0.6154440154440154,6.472701188616255e-05,0.008824449287146829
K48-Ubiquitin,Steatosis (0-Liver HU),0.22033190865985602,0.5583011583011583,0.00040251671763588323,0.04115733437826906
DAT,Steatosis (0-Liver HU),0.0924238106262084,0.6185328185328185,5.804151817834907e-05,0.008824449287146829
GAMT_2,Steatosis (0-Liver HU),0.047111594914203234,0.44247104247104246,0.006888268311000534,0.17608135869995115
DAT,IV GTT Insulin AUC,0.01917107152193189,-0.31145431145431146,0.06444805499788916,0.40371996200030236
GAMT_2,IV GTT Insulin AUC,0.006247581823032129,-0.32638352638352636,0.05204472293431307,0.4016281449081896
GAMT_2,CSF pTau181/Ab42,0.0097522249811796,-0.21287001287001286,0.21258440473238438,0.6123029685601775
