,n_features,marker,algo,Pearson,Spearman,Pvalue(Pearson),Pvalue(Spearman),MAPE,Method
Linear Regression_89Y_EAAT1_(Y89Di)_shap_5,5.0,89Y_EAAT1_(Y89Di),Linear Regression,0.10633825366275149,0.01595881595881596,0.5370589422882913,0.926396634670671,0.25579170774505744,shap
Linear Regression_89Y_EAAT1_(Y89Di)_shap_10,10.0,89Y_EAAT1_(Y89Di),Linear Regression,0.17548472978654073,0.056885456885456896,0.3059671148509949,0.7417519353168036,0.31556768241003536,shap
Linear Regression_89Y_EAAT1_(Y89Di)_shap_20,20.0,89Y_EAAT1_(Y89Di),Linear Regression,0.11808540918990859,0.20720720720720723,0.4927675625984656,0.22529035815941695,0.34386432860530425,shap
Linear Regression_89Y_EAAT1_(Y89Di)_shap_40,40.0,89Y_EAAT1_(Y89Di),Linear Regression,-0.025166160226483113,0.10012870012870013,0.8841653894270273,0.5612180474886225,0.3753554484206361,shap
Linear Regression_89Y_EAAT1_(Y89Di)_shap_60,60.0,89Y_EAAT1_(Y89Di),Linear Regression,0.5455911136621642,0.5541827541827542,0.0005785419842321784,0.00045344584467654265,0.17554972619934117,shap
Linear Regression_89Y_EAAT1_(Y89Di)_shap_80,80.0,89Y_EAAT1_(Y89Di),Linear Regression,0.7017786006604558,0.7436293436293437,1.8519597296884363e-06,2.031653930808114e-07,0.14471093558991685,shap
Linear Regression_89Y_EAAT1_(Y89Di)_shap_100,100.0,89Y_EAAT1_(Y89Di),Linear Regression,0.48326324006796717,0.5647361647361648,0.0028296640317389318,0.0003331011401373083,0.16113419083481373,shap
Linear Regression_89Y_EAAT1_(Y89Di)_shap_150,150.0,89Y_EAAT1_(Y89Di),Linear Regression,0.9020392487834299,0.857915057915058,5.88405489080245e-14,2.3019181584551863e-11,0.07719772378254167,shap
Linear Regression_113In_VMAT2_(In113Di)_shap_5,5.0,113In_VMAT2_(In113Di),Linear Regression,0.1939008702292217,0.42187902187902193,0.2571547641659907,0.010382324643072583,0.3323477128642913,shap
Linear Regression_113In_VMAT2_(In113Di)_shap_10,10.0,113In_VMAT2_(In113Di),Linear Regression,0.07315175384221138,0.21338481338481338,0.6715734972296913,0.21145435125820825,0.2762684420965179,shap
Linear Regression_113In_VMAT2_(In113Di)_shap_20,20.0,113In_VMAT2_(In113Di),Linear Regression,0.4604526072701544,0.6414414414414416,0.0047151568697541895,2.4907253866255024e-05,0.3402980756244711,shap
Linear Regression_113In_VMAT2_(In113Di)_shap_40,40.0,113In_VMAT2_(In113Di),Linear Regression,0.07067951447210055,0.08030888030888031,0.6820820557289177,0.6415010301805824,0.6732146974370944,shap
Linear Regression_113In_VMAT2_(In113Di)_shap_60,60.0,113In_VMAT2_(In113Di),Linear Regression,0.17769715055151677,0.30373230373230375,0.2998123350255706,0.07171984646451031,0.2934938260269034,shap
Linear Regression_113In_VMAT2_(In113Di)_shap_80,80.0,113In_VMAT2_(In113Di),Linear Regression,0.31478380207040424,0.6193050193050194,0.06149786714444798,5.6470770140706e-05,0.25730448605191014,shap
Linear Regression_113In_VMAT2_(In113Di)_shap_100,100.0,113In_VMAT2_(In113Di),Linear Regression,0.8838533019182535,0.8537966537966538,9.209272391131886e-13,3.6191096122733924e-11,0.10139613229012467,shap
Linear Regression_113In_VMAT2_(In113Di)_shap_150,150.0,113In_VMAT2_(In113Di),Linear Regression,0.8737412038172792,0.796911196911197,3.5113201147805435e-12,6.060692231900887e-09,0.10622566463190886,shap
Linear Regression_115In_Synaptobrevin2_(In115Di)_shap_5,5.0,115In_Synaptobrevin2_(In115Di),Linear Regression,0.12727107058566095,0.0918918918918919,0.45948647535770804,0.5940175229515066,0.2764539917491179,shap
Linear Regression_115In_Synaptobrevin2_(In115Di)_shap_10,10.0,115In_Synaptobrevin2_(In115Di),Linear Regression,-0.04000202332723615,-0.13153153153153155,0.816822085245837,0.44446893670850063,0.33125260103050874,shap
Linear Regression_115In_Synaptobrevin2_(In115Di)_shap_20,20.0,115In_Synaptobrevin2_(In115Di),Linear Regression,0.05481801000905584,0.017503217503217504,0.750834509327841,0.9192959522090206,0.4150923641919868,shap
Linear Regression_115In_Synaptobrevin2_(In115Di)_shap_40,40.0,115In_Synaptobrevin2_(In115Di),Linear Regression,0.11812785269609884,0.1287001287001287,0.4926110004781522,0.45441923713878773,0.3500632979294531,shap
Linear Regression_115In_Synaptobrevin2_(In115Di)_shap_60,60.0,115In_Synaptobrevin2_(In115Di),Linear Regression,0.26194000045934196,0.2924066924066924,0.12276754944344473,0.08352789517705797,0.20955448599086315,shap
Linear Regression_115In_Synaptobrevin2_(In115Di)_shap_80,80.0,115In_Synaptobrevin2_(In115Di),Linear Regression,0.9231551892620183,0.9078507078507079,1.120353366815831e-15,2.1780781207766494e-14,0.07738837793935446,shap
Linear Regression_115In_Synaptobrevin2_(In115Di)_shap_100,100.0,115In_Synaptobrevin2_(In115Di),Linear Regression,0.8555746238108314,0.7601029601029601,2.9819945273788376e-11,7.55570409753041e-08,0.10423219412579818,shap
Linear Regression_115In_Synaptobrevin2_(In115Di)_shap_150,150.0,115In_Synaptobrevin2_(In115Di),Linear Regression,0.9137570881225089,0.872072072072072,7.399391994491216e-15,4.331378958694234e-12,0.07362045396462058,shap
Linear Regression_141Pr_LRRK2_(Pr141Di)_shap_5,5.0,141Pr_LRRK2_(Pr141Di),Linear Regression,0.39426833915851217,0.4365508365508366,0.01734039726503931,0.007770317299614575,0.09834437172943378,shap
Linear Regression_141Pr_LRRK2_(Pr141Di)_shap_10,10.0,141Pr_LRRK2_(Pr141Di),Linear Regression,0.5203627941631636,0.5227799227799228,0.0011408100852557585,0.0010713739111129536,0.10432320921243289,shap
Linear Regression_141Pr_LRRK2_(Pr141Di)_shap_20,20.0,141Pr_LRRK2_(Pr141Di),Linear Regression,0.3889666124650622,0.36679536679536684,0.019047009616512275,0.02777601273582956,0.1253649650663188,shap
Linear Regression_141Pr_LRRK2_(Pr141Di)_shap_40,40.0,141Pr_LRRK2_(Pr141Di),Linear Regression,0.7247656552972466,0.7312741312741313,5.778877978973339e-07,4.0686601591850203e-07,0.06394607941131923,shap
Linear Regression_141Pr_LRRK2_(Pr141Di)_shap_60,60.0,141Pr_LRRK2_(Pr141Di),Linear Regression,0.6113324060106711,0.6867438867438868,7.470378956471319e-05,3.7471093981635922e-06,0.07791736558329712,shap
Linear Regression_141Pr_LRRK2_(Pr141Di)_shap_80,80.0,141Pr_LRRK2_(Pr141Di),Linear Regression,0.3989130219532862,0.4352638352638353,0.015952333817722236,0.007974351338663681,0.12647425997899325,shap
Linear Regression_141Pr_LRRK2_(Pr141Di)_shap_100,100.0,141Pr_LRRK2_(Pr141Di),Linear Regression,0.6686316582099139,0.5657657657657659,8.305495966227119e-06,0.0003230473661514273,0.06941712322039345,shap
Linear Regression_141Pr_LRRK2_(Pr141Di)_shap_150,150.0,141Pr_LRRK2_(Pr141Di),Linear Regression,0.9259466946428896,0.872844272844273,6.104418963455604e-16,3.931995720770218e-12,0.037916142131855346,shap
Linear Regression_142Nd_a-Synuclein_(Nd142Di)_shap_5,5.0,142Nd_a-Synuclein_(Nd142Di),Linear Regression,0.05678967367597285,0.1631917631917632,0.7421719764357406,0.34160918658961437,0.3250608536570207,shap
Linear Regression_142Nd_a-Synuclein_(Nd142Di)_shap_10,10.0,142Nd_a-Synuclein_(Nd142Di),Linear Regression,-0.07684146543821425,-0.2102960102960103,0.6560038353143881,0.21829713378991505,0.37144257665901936,shap
Linear Regression_142Nd_a-Synuclein_(Nd142Di)_shap_20,20.0,142Nd_a-Synuclein_(Nd142Di),Linear Regression,0.010762405526028565,0.25353925353925355,0.950326157153995,0.13568588366057047,0.43250634988807535,shap
Linear Regression_142Nd_a-Synuclein_(Nd142Di)_shap_40,40.0,142Nd_a-Synuclein_(Nd142Di),Linear Regression,-0.02388490329168561,0.027284427284427287,0.8900259750273718,0.8744896520494806,0.4138291891391446,shap
Linear Regression_142Nd_a-Synuclein_(Nd142Di)_shap_60,60.0,142Nd_a-Synuclein_(Nd142Di),Linear Regression,0.826149482470163,0.7958815958815959,5.490448195196275e-10,6.548494035971441e-09,0.09515847585719951,shap
Linear Regression_142Nd_a-Synuclein_(Nd142Di)_shap_80,80.0,142Nd_a-Synuclein_(Nd142Di),Linear Regression,0.28843028868109266,0.34671814671814677,0.08801246325101879,0.03829871574392659,0.25189969701794757,shap
Linear Regression_142Nd_a-Synuclein_(Nd142Di)_shap_100,100.0,142Nd_a-Synuclein_(Nd142Di),Linear Regression,0.3399271278118527,0.44633204633204643,0.042515978935134174,0.006360505103886901,0.20755971250088492,shap
Linear Regression_142Nd_a-Synuclein_(Nd142Di)_shap_150,150.0,142Nd_a-Synuclein_(Nd142Di),Linear Regression,0.8909615748329163,0.8602316602316603,3.330621483070699e-13,1.7735191027705236e-11,0.08986187831874903,shap
Linear Regression_143Nd_GFAP_(Nd143Di)_shap_5,5.0,143Nd_GFAP_(Nd143Di),Linear Regression,0.08685055125641258,-0.25148005148005154,0.6144960038435465,0.1390000558085502,0.6354050773372567,shap
Linear Regression_143Nd_GFAP_(Nd143Di)_shap_10,10.0,143Nd_GFAP_(Nd143Di),Linear Regression,0.15627104951121087,0.5832689832689834,0.36274603388297344,0.000188860037331848,0.548591723870892,shap
Linear Regression_143Nd_GFAP_(Nd143Di)_shap_20,20.0,143Nd_GFAP_(Nd143Di),Linear Regression,0.7953975896830323,0.7794079794079793,6.790157634464501e-09,2.135319463461631e-08,0.2658778834713236,shap
Linear Regression_143Nd_GFAP_(Nd143Di)_shap_40,40.0,143Nd_GFAP_(Nd143Di),Linear Regression,0.331763118901166,0.24942084942084944,0.04807399883051075,0.14237337625931215,0.5177817073398963,shap
Linear Regression_143Nd_GFAP_(Nd143Di)_shap_60,60.0,143Nd_GFAP_(Nd143Di),Linear Regression,0.6804433178382155,0.6483912483912485,4.9736399588411634e-06,1.900489415516304e-05,0.27792078872774334,shap
Linear Regression_143Nd_GFAP_(Nd143Di)_shap_80,80.0,143Nd_GFAP_(Nd143Di),Linear Regression,0.8200434729934208,0.7557271557271558,9.390967221688064e-10,9.900059218366094e-08,0.22255052681053136,shap
Linear Regression_143Nd_GFAP_(Nd143Di)_shap_100,100.0,143Nd_GFAP_(Nd143Di),Linear Regression,0.8906766424125577,0.9037323037323038,3.473840415162473e-13,4.433729379310789e-14,0.14181351530079145,shap
Linear Regression_143Nd_GFAP_(Nd143Di)_shap_150,150.0,143Nd_GFAP_(Nd143Di),Linear Regression,0.8618655684205658,0.8576576576576578,1.4714182730938304e-11,2.368922055135657e-11,0.1691616302511273,shap
Linear Regression_144Nd_PARKIN_(Nd144Di)_shap_5,5.0,144Nd_PARKIN_(Nd144Di),Linear Regression,-0.27530303943174295,-0.4293436293436294,0.10414117220591275,0.00897294584767907,0.22201760111831176,shap
Linear Regression_144Nd_PARKIN_(Nd144Di)_shap_10,10.0,144Nd_PARKIN_(Nd144Di),Linear Regression,-0.014277332361440624,0.058429858429858435,0.9341339321474336,0.7349894427583109,0.1684930859036724,shap
Linear Regression_144Nd_PARKIN_(Nd144Di)_shap_20,20.0,144Nd_PARKIN_(Nd144Di),Linear Regression,0.16356583684288362,0.3518661518661519,0.34048860388213276,0.03533351820606963,0.21530733564611357,shap
Linear Regression_144Nd_PARKIN_(Nd144Di)_shap_40,40.0,144Nd_PARKIN_(Nd144Di),Linear Regression,0.07037201972849563,-0.011840411840411841,0.6833932769304174,0.9453577209981485,0.1650165644288047,shap
Linear Regression_144Nd_PARKIN_(Nd144Di)_shap_60,60.0,144Nd_PARKIN_(Nd144Di),Linear Regression,0.6902225432976324,0.6921492921492922,3.1951639703617355e-06,2.922494961492817e-06,0.09244026264536859,shap
Linear Regression_144Nd_PARKIN_(Nd144Di)_shap_80,80.0,144Nd_PARKIN_(Nd144Di),Linear Regression,0.9157532645260249,0.9029601029601031,5.047903415564432e-15,5.047847703707696e-14,0.04860900014566525,shap
Linear Regression_144Nd_PARKIN_(Nd144Di)_shap_100,100.0,144Nd_PARKIN_(Nd144Di),Linear Regression,0.846914262683876,0.7853281853281854,7.481940789056858e-11,1.4129427477606877e-08,0.05845566730155706,shap
Linear Regression_144Nd_PARKIN_(Nd144Di)_shap_150,150.0,144Nd_PARKIN_(Nd144Di),Linear Regression,0.8962566449844878,0.8543114543114544,1.490192920778893e-13,3.422682359030043e-11,0.04773481803396363,shap
Linear Regression_146Nd_Casp3_Acti_(Nd146Di)_shap_5,5.0,146Nd_Casp3_Acti_(Nd146Di),Linear Regression,0.34547122020995297,0.293951093951094,0.03904650339028508,0.08183457339552314,0.32750615110161724,shap
Linear Regression_146Nd_Casp3_Acti_(Nd146Di)_shap_10,10.0,146Nd_Casp3_Acti_(Nd146Di),Linear Regression,0.3177148999813597,0.4705276705276706,0.05898999951125897,0.003779105365490395,0.4049191325232899,shap
Linear Regression_146Nd_Casp3_Acti_(Nd146Di)_shap_20,20.0,146Nd_Casp3_Acti_(Nd146Di),Linear Regression,0.28952634776090946,0.19691119691119693,0.08675823314579614,0.24969754772209238,0.506633667263932,shap
Linear Regression_146Nd_Casp3_Acti_(Nd146Di)_shap_40,40.0,146Nd_Casp3_Acti_(Nd146Di),Linear Regression,-0.12209608203304077,-0.06435006435006435,0.47808654753876356,0.7092518384586388,0.7950900463717008,shap
Linear Regression_146Nd_Casp3_Acti_(Nd146Di)_shap_60,60.0,146Nd_Casp3_Acti_(Nd146Di),Linear Regression,0.1033601439563441,0.2756756756756757,0.5485831539373589,0.10365440916438046,0.4478208136333383,shap
Linear Regression_146Nd_Casp3_Acti_(Nd146Di)_shap_80,80.0,146Nd_Casp3_Acti_(Nd146Di),Linear Regression,0.5952111305514413,0.5531531531531532,0.00012861800253359166,0.0004670423378202861,0.2228178596288671,shap
Linear Regression_146Nd_Casp3_Acti_(Nd146Di)_shap_100,100.0,146Nd_Casp3_Acti_(Nd146Di),Linear Regression,0.6917875992940872,0.5418275418275419,2.971997776426139e-06,0.0006423882798132339,0.2352554247513154,shap
Linear Regression_146Nd_Casp3_Acti_(Nd146Di)_shap_150,150.0,146Nd_Casp3_Acti_(Nd146Di),Linear Regression,0.8960536311071725,0.8527670527670529,1.538074576685303e-13,4.04386565942098e-11,0.12958315154838662,shap
Linear Regression_147Sm_BIN1_(Sm147Di)_shap_5,5.0,147Sm_BIN1_(Sm147Di),Linear Regression,0.033146634313744414,0.3580437580437581,0.8478099178966818,0.03202503203747255,0.24008988271651324,shap
Linear Regression_147Sm_BIN1_(Sm147Di)_shap_10,10.0,147Sm_BIN1_(Sm147Di),Linear Regression,0.4865737923727252,0.45122265122265126,0.002619909046266476,0.00574217225663097,0.15687812940208082,shap
Linear Regression_147Sm_BIN1_(Sm147Di)_shap_20,20.0,147Sm_BIN1_(Sm147Di),Linear Regression,-0.006112779870412101,0.2710424710424711,0.9717746814595073,0.10983057728189331,0.33966722974669483,shap
Linear Regression_147Sm_BIN1_(Sm147Di)_shap_40,40.0,147Sm_BIN1_(Sm147Di),Linear Regression,0.3211736771229586,0.4705276705276706,0.05613567298281875,0.003779105365490395,0.20242922346693734,shap
Linear Regression_147Sm_BIN1_(Sm147Di)_shap_60,60.0,147Sm_BIN1_(Sm147Di),Linear Regression,0.34127492766012446,0.3498069498069499,0.041650452057460034,0.036496316510440815,0.19673843182987896,shap
Linear Regression_147Sm_BIN1_(Sm147Di)_shap_80,80.0,147Sm_BIN1_(Sm147Di),Linear Regression,0.40535288721801066,0.4846846846846847,0.014183033587663416,0.0027378740209267616,0.18179195171330279,shap
Linear Regression_147Sm_BIN1_(Sm147Di)_shap_100,100.0,147Sm_BIN1_(Sm147Di),Linear Regression,0.7335743921761771,0.7987129987129988,3.5854874548271634e-07,5.287207841600543e-09,0.09927814514122095,shap
Linear Regression_147Sm_BIN1_(Sm147Di)_shap_150,150.0,147Sm_BIN1_(Sm147Di),Linear Regression,0.7059338114701105,0.679021879021879,1.5126373569894646e-06,5.296723517697547e-06,0.10557061617187317,shap
Linear Regression_149Sm_TMEM230_C20orf30_(Sm149Di)_shap_5,5.0,149Sm_TMEM230_C20orf30_(Sm149Di),Linear Regression,0.2548473189748147,0.320978120978121,0.13361111629968045,0.05629406821073756,0.25976205105160344,shap
Linear Regression_149Sm_TMEM230_C20orf30_(Sm149Di)_shap_10,10.0,149Sm_TMEM230_C20orf30_(Sm149Di),Linear Regression,0.3815737065500405,0.5498069498069499,0.02165892650381889,0.0005137727012257102,0.20641422585755473,shap
Linear Regression_149Sm_TMEM230_C20orf30_(Sm149Di)_shap_20,20.0,149Sm_TMEM230_C20orf30_(Sm149Di),Linear Regression,0.028065910731203517,0.27953667953667954,0.8709244683342674,0.09871201504956569,0.3650680024481171,shap
Linear Regression_149Sm_TMEM230_C20orf30_(Sm149Di)_shap_40,40.0,149Sm_TMEM230_C20orf30_(Sm149Di),Linear Regression,0.3568487771546778,0.20643500643500645,0.03264442232284842,0.22706226845169758,0.2941720379303442,shap
Linear Regression_149Sm_TMEM230_C20orf30_(Sm149Di)_shap_60,60.0,149Sm_TMEM230_C20orf30_(Sm149Di),Linear Regression,0.6015032026602521,0.5786357786357788,0.00010440417043664529,0.0002183416152637415,0.14821996440997845,shap
Linear Regression_149Sm_TMEM230_C20orf30_(Sm149Di)_shap_80,80.0,149Sm_TMEM230_C20orf30_(Sm149Di),Linear Regression,0.6535575167394374,0.6118404118404119,1.5474765812850364e-05,7.340023984069426e-05,0.12787095496553402,shap
Linear Regression_149Sm_TMEM230_C20orf30_(Sm149Di)_shap_100,100.0,149Sm_TMEM230_C20orf30_(Sm149Di),Linear Regression,0.8116091684346721,0.755984555984556,1.908628432543803e-09,9.745440573565479e-08,0.0894179338021878,shap
Linear Regression_149Sm_TMEM230_C20orf30_(Sm149Di)_shap_150,150.0,149Sm_TMEM230_C20orf30_(Sm149Di),Linear Regression,0.8612956806115315,0.8247104247104249,1.5708667456538266e-11,6.242349497942941e-10,0.07915531496031783,shap
Linear Regression_151Eu_CD47_(Eu151Di)_shap_5,5.0,151Eu_CD47_(Eu151Di),Linear Regression,0.03345429241086116,0.0344916344916345,0.8464140475295789,0.8417109556918972,0.05949165119374508,shap
Linear Regression_151Eu_CD47_(Eu151Di)_shap_10,10.0,151Eu_CD47_(Eu151Di),Linear Regression,0.32775913919970484,0.25045045045045045,0.05100528444029623,0.14067929152876202,0.05521957807231489,shap
Linear Regression_151Eu_CD47_(Eu151Di)_shap_20,20.0,151Eu_CD47_(Eu151Di),Linear Regression,0.36980017684767824,0.33796653796653797,0.02642886711060419,0.04380089934050153,0.07329496758772458,shap
Linear Regression_151Eu_CD47_(Eu151Di)_shap_40,40.0,151Eu_CD47_(Eu151Di),Linear Regression,0.21715228347610563,0.38378378378378386,0.20331043165234214,0.02084865959123002,0.06172209096007206,shap
Linear Regression_151Eu_CD47_(Eu151Di)_shap_60,60.0,151Eu_CD47_(Eu151Di),Linear Regression,0.5853830504462688,0.6172458172458173,0.00017663582277602208,6.074734871362918e-05,0.03503057318313457,shap
Linear Regression_151Eu_CD47_(Eu151Di)_shap_80,80.0,151Eu_CD47_(Eu151Di),Linear Regression,0.57831378309591,0.6054054054054054,0.00022053602202368853,9.153299904173868e-05,0.04138679011501629,shap
Linear Regression_151Eu_CD47_(Eu151Di)_shap_100,100.0,151Eu_CD47_(Eu151Di),Linear Regression,0.8502753816478574,0.8244530244530245,5.271553054247111e-11,6.386532364577809e-10,0.021833378195225527,shap
Linear Regression_151Eu_CD47_(Eu151Di)_shap_150,150.0,151Eu_CD47_(Eu151Di),Linear Regression,0.7592328145406297,0.7492921492921493,7.97643087650762e-08,1.4584325217820028e-07,0.025427635046251132,shap
Linear Regression_152Sm_GATM_1_(Sm152Di)_shap_5,5.0,152Sm_GATM_1_(Sm152Di),Linear Regression,0.3166344236033861,0.35392535392535396,0.05990485315909036,0.034201086281186725,0.43118197498575617,shap
Linear Regression_152Sm_GATM_1_(Sm152Di)_shap_10,10.0,152Sm_GATM_1_(Sm152Di),Linear Regression,0.29470761968736886,0.1528957528957529,0.08101486261058324,0.3733320869830633,0.5697016293162239,shap
Linear Regression_152Sm_GATM_1_(Sm152Di)_shap_20,20.0,152Sm_GATM_1_(Sm152Di),Linear Regression,0.3307319888211074,0.27464607464607466,0.048815632198366724,0.10500356550087518,0.4667891718105868,shap
Linear Regression_152Sm_GATM_1_(Sm152Di)_shap_40,40.0,152Sm_GATM_1_(Sm152Di),Linear Regression,0.450782463513393,0.4908622908622909,0.0057956214895624365,0.0023684447559621825,0.4862922966439829,shap
Linear Regression_152Sm_GATM_1_(Sm152Di)_shap_60,60.0,152Sm_GATM_1_(Sm152Di),Linear Regression,0.8510496409935726,0.8483912483912485,4.8571646122269677e-11,6.421512408738229e-11,0.15696285684967595,shap
Linear Regression_152Sm_GATM_1_(Sm152Di)_shap_80,80.0,152Sm_GATM_1_(Sm152Di),Linear Regression,0.7959675899209382,0.6236808236808238,6.506400453634551e-09,4.827306159044793e-05,0.23365044568101836,shap
Linear Regression_152Sm_GATM_1_(Sm152Di)_shap_100,100.0,152Sm_GATM_1_(Sm152Di),Linear Regression,0.8053341002363772,0.774774774774775,3.1631374787804246e-09,2.9244639624589455e-08,0.17883803319043376,shap
Linear Regression_152Sm_GATM_1_(Sm152Di)_shap_150,150.0,152Sm_GATM_1_(Sm152Di),Linear Regression,0.7456192117307484,0.7482625482625482,1.8100373719254626e-07,1.5500336290768457e-07,0.19335568402704226,shap
Linear Regression_153Eu_VGLUT_(Eu153Di)_shap_5,5.0,153Eu_VGLUT_(Eu153Di),Linear Regression,0.15924840196463166,0.2993564993564994,0.35355875846896834,0.07611661493525307,0.16440071554231053,shap
Linear Regression_153Eu_VGLUT_(Eu153Di)_shap_10,10.0,153Eu_VGLUT_(Eu153Di),Linear Regression,-0.1407846283063712,-0.002574002574002574,0.41279365825829095,0.9881127808591808,0.2118386814212692,shap
Linear Regression_153Eu_VGLUT_(Eu153Di)_shap_20,20.0,153Eu_VGLUT_(Eu153Di),Linear Regression,-0.4160382187635456,-0.4885456885456886,0.011612358162495375,0.0025015291656938134,0.39411594435588126,shap
Linear Regression_153Eu_VGLUT_(Eu153Di)_shap_40,40.0,153Eu_VGLUT_(Eu153Di),Linear Regression,0.3985912230424955,0.3698841698841699,0.016045397574038642,0.026391999260317368,0.15287815613918038,shap
Linear Regression_153Eu_VGLUT_(Eu153Di)_shap_60,60.0,153Eu_VGLUT_(Eu153Di),Linear Regression,0.4659684328274435,0.32329472329472336,0.004180553734946169,0.054440349629017726,0.14571391872116718,shap
Linear Regression_153Eu_VGLUT_(Eu153Di)_shap_80,80.0,153Eu_VGLUT_(Eu153Di),Linear Regression,0.7803403742211485,0.7261261261261261,2.002546465647356e-08,5.374564992513693e-07,0.08386202223735323,shap
Linear Regression_153Eu_VGLUT_(Eu153Di)_shap_100,100.0,153Eu_VGLUT_(Eu153Di),Linear Regression,0.7067990895658756,0.6952380952380952,1.4495830160278816e-06,2.52947426172342e-06,0.08868830441186117,shap
Linear Regression_153Eu_VGLUT_(Eu153Di)_shap_150,150.0,153Eu_VGLUT_(Eu153Di),Linear Regression,0.8783637892820858,0.8854568854568854,1.9326413003335267e-12,7.364275322816107e-13,0.057966982453869074,shap
Linear Regression_154Sm_DAT_(Sm154Di)_shap_5,5.0,154Sm_DAT_(Sm154Di),Linear Regression,0.14629598755415799,0.38635778635778645,0.3945516257045829,0.01993692556212637,0.10346352298732639,shap
Linear Regression_154Sm_DAT_(Sm154Di)_shap_10,10.0,154Sm_DAT_(Sm154Di),Linear Regression,0.34052187491695207,0.24504504504504507,0.04213227218238052,0.14974030771060626,0.11443539127406727,shap
Linear Regression_154Sm_DAT_(Sm154Di)_shap_20,20.0,154Sm_DAT_(Sm154Di),Linear Regression,0.404953489672242,0.26743886743886747,0.014287735243635219,0.1148231929193763,0.10423508939971297,shap
Linear Regression_154Sm_DAT_(Sm154Di)_shap_40,40.0,154Sm_DAT_(Sm154Di),Linear Regression,0.3095364760866459,0.34594594594594597,0.06619736137266975,0.03876042450848694,0.1373075540630787,shap
Linear Regression_154Sm_DAT_(Sm154Di)_shap_60,60.0,154Sm_DAT_(Sm154Di),Linear Regression,0.37969688182698064,0.3601029601029601,0.022367405359849775,0.030980276037637776,0.09744821655825127,shap
Linear Regression_154Sm_DAT_(Sm154Di)_shap_80,80.0,154Sm_DAT_(Sm154Di),Linear Regression,0.8537553962060346,0.7415701415701417,3.6352980276497984e-11,2.2870933749696944e-07,0.04391722705604094,shap
Linear Regression_154Sm_DAT_(Sm154Di)_shap_100,100.0,154Sm_DAT_(Sm154Di),Linear Regression,0.8476556879763735,0.7608751608751609,6.930765578612088e-11,7.199590376775741e-08,0.045226765486120785,shap
Linear Regression_154Sm_DAT_(Sm154Di)_shap_150,150.0,154Sm_DAT_(Sm154Di),Linear Regression,0.876742045490488,0.7189189189189189,2.3894956041410404e-12,7.855025226422099e-07,0.04111937812781951,shap
Linear Regression_158Gd_p-Tau_S202_T205_(Gd158Di)_shap_5,5.0,158Gd_p-Tau_S202_T205_(Gd158Di),Linear Regression,0.16771764798593622,0.3907335907335907,0.3282027538548605,0.018463296731048625,0.11386121007851477,shap
Linear Regression_158Gd_p-Tau_S202_T205_(Gd158Di)_shap_10,10.0,158Gd_p-Tau_S202_T205_(Gd158Di),Linear Regression,-0.08865957780149591,-0.02059202059202059,0.6071133702867224,0.9051135478791105,0.184294778100754,shap
Linear Regression_158Gd_p-Tau_S202_T205_(Gd158Di)_shap_20,20.0,158Gd_p-Tau_S202_T205_(Gd158Di),Linear Regression,0.20957398373150543,0.24787644787644786,0.21991833809455333,0.14494247902803795,0.139813347893784,shap
Linear Regression_158Gd_p-Tau_S202_T205_(Gd158Di)_shap_40,40.0,158Gd_p-Tau_S202_T205_(Gd158Di),Linear Regression,0.4072663486196225,0.24144144144144145,0.013690343037816575,0.15601264458293734,0.14428299876889739,shap
Linear Regression_158Gd_p-Tau_S202_T205_(Gd158Di)_shap_60,60.0,158Gd_p-Tau_S202_T205_(Gd158Di),Linear Regression,0.34761767318056036,0.31145431145431146,0.03776651704017717,0.06444805499788918,0.10982171984431814,shap
Linear Regression_158Gd_p-Tau_S202_T205_(Gd158Di)_shap_80,80.0,158Gd_p-Tau_S202_T205_(Gd158Di),Linear Regression,0.6108111607329144,0.44221364221364223,7.606298687836183e-05,0.00692474977760849,0.07451050445223355,shap
Linear Regression_158Gd_p-Tau_S202_T205_(Gd158Di)_shap_100,100.0,158Gd_p-Tau_S202_T205_(Gd158Di),Linear Regression,0.5635942072147097,0.5132561132561133,0.0003445780120370763,0.0013684985094323267,0.07358016638592646,shap
Linear Regression_158Gd_p-Tau_S202_T205_(Gd158Di)_shap_150,150.0,158Gd_p-Tau_S202_T205_(Gd158Di),Linear Regression,0.9092039722292276,0.8810810810810812,1.7118918861696685e-14,1.3451556943760152e-12,0.03756762453070738,shap
Linear Regression_159Tb_a-Synuclein_pS129_(Tb159Di)_shap_5,5.0,159Tb_a-Synuclein_pS129_(Tb159Di),Linear Regression,-0.0522645157908293,0.14208494208494207,0.762097917157624,0.40844730828481446,0.1446422704002627,shap
Linear Regression_159Tb_a-Synuclein_pS129_(Tb159Di)_shap_10,10.0,159Tb_a-Synuclein_pS129_(Tb159Di),Linear Regression,-0.04087828956886447,0.10321750321750323,0.8128797910889989,0.5491380338893248,0.16483661280909556,shap
Linear Regression_159Tb_a-Synuclein_pS129_(Tb159Di)_shap_20,20.0,159Tb_a-Synuclein_pS129_(Tb159Di),Linear Regression,0.08094011975962015,0.31119691119691123,0.6388746090750586,0.06468069656738996,0.13846452210081947,shap
Linear Regression_159Tb_a-Synuclein_pS129_(Tb159Di)_shap_40,40.0,159Tb_a-Synuclein_pS129_(Tb159Di),Linear Regression,-0.18901678814690512,0.19716859716859722,0.2695647271026571,0.24906668175139635,0.31733423693006413,shap
Linear Regression_159Tb_a-Synuclein_pS129_(Tb159Di)_shap_60,60.0,159Tb_a-Synuclein_pS129_(Tb159Di),Linear Regression,0.6794649330886429,0.7232947232947233,5.19402208709237e-06,6.247331721322564e-07,0.07341224167037805,shap
Linear Regression_159Tb_a-Synuclein_pS129_(Tb159Di)_shap_80,80.0,159Tb_a-Synuclein_pS129_(Tb159Di),Linear Regression,0.11419218616228885,0.2563706563706564,0.5072361816016354,0.13122455329203012,0.12903108563760726,shap
Linear Regression_159Tb_a-Synuclein_pS129_(Tb159Di)_shap_100,100.0,159Tb_a-Synuclein_pS129_(Tb159Di),Linear Regression,0.8690125281730174,0.8646074646074647,6.316314565114917e-12,1.0697864355375077e-11,0.045051276399693946,shap
Linear Regression_159Tb_a-Synuclein_pS129_(Tb159Di)_shap_150,150.0,159Tb_a-Synuclein_pS129_(Tb159Di),Linear Regression,0.7695685949439941,0.7384813384813386,4.128121811298858e-08,2.7261135179111245e-07,0.054359081413142704,shap
Linear Regression_160Gd_DJ-1_PARK7_(Gd160Di)_shap_5,5.0,160Gd_DJ-1_PARK7_(Gd160Di),Linear Regression,-0.09638289454721669,-0.37065637065637064,0.5760301217071826,0.026055033873351473,0.2766627857329169,shap
Linear Regression_160Gd_DJ-1_PARK7_(Gd160Di)_shap_10,10.0,160Gd_DJ-1_PARK7_(Gd160Di),Linear Regression,0.048816186482224015,0.3052767052767053,0.7773847321192342,0.07021639821272746,0.22294480484926893,shap
Linear Regression_160Gd_DJ-1_PARK7_(Gd160Di)_shap_20,20.0,160Gd_DJ-1_PARK7_(Gd160Di),Linear Regression,0.2754762669112969,0.30759330759330755,0.10391467534897328,0.06800765647541361,0.26002955088303253,shap
Linear Regression_160Gd_DJ-1_PARK7_(Gd160Di)_shap_40,40.0,160Gd_DJ-1_PARK7_(Gd160Di),Linear Regression,0.3818161722713435,0.38404118404118404,0.021568774239580236,0.02075595262393611,0.14379601205649364,shap
Linear Regression_160Gd_DJ-1_PARK7_(Gd160Di)_shap_60,60.0,160Gd_DJ-1_PARK7_(Gd160Di),Linear Regression,0.6929819385213468,0.6715572715572716,2.81138959334135e-06,7.330495795523521e-06,0.06802909349004241,shap
Linear Regression_160Gd_DJ-1_PARK7_(Gd160Di)_shap_80,80.0,160Gd_DJ-1_PARK7_(Gd160Di),Linear Regression,0.7977165567854954,0.728957528957529,5.70284582529019e-09,4.615173592143719e-07,0.06077608031988916,shap
Linear Regression_160Gd_DJ-1_PARK7_(Gd160Di)_shap_100,100.0,160Gd_DJ-1_PARK7_(Gd160Di),Linear Regression,0.8356824495829113,0.76988416988417,2.275520621885077e-10,4.043788312017202e-08,0.05727044008391261,shap
Linear Regression_160Gd_DJ-1_PARK7_(Gd160Di)_shap_150,150.0,160Gd_DJ-1_PARK7_(Gd160Di),Linear Regression,0.9166416117110182,0.874903474903475,4.244981206144328e-15,3.0285372009662333e-12,0.04395806390310894,shap
Linear Regression_161Dy_b-Amyloid_X42_(Dy161Di)_shap_5,5.0,161Dy_b-Amyloid_X42_(Dy161Di),Linear Regression,-0.3088058248231075,-0.21003861003861007,0.06687354989431524,0.21887414463931779,0.17314038598449571,shap
Linear Regression_161Dy_b-Amyloid_X42_(Dy161Di)_shap_10,10.0,161Dy_b-Amyloid_X42_(Dy161Di),Linear Regression,-0.15499255175375784,0.16576576576576577,0.36673451927029643,0.33394404805178013,0.17388463737060783,shap
Linear Regression_161Dy_b-Amyloid_X42_(Dy161Di)_shap_20,20.0,161Dy_b-Amyloid_X42_(Dy161Di),Linear Regression,0.09448477815495537,0.2453024453024453,0.583602491113252,0.14929942111692057,0.20527695085591632,shap
Linear Regression_161Dy_b-Amyloid_X42_(Dy161Di)_shap_40,40.0,161Dy_b-Amyloid_X42_(Dy161Di),Linear Regression,-0.17109099385871013,-0.08185328185328186,0.318425508207474,0.6350828321208757,0.2623576994121151,shap
Linear Regression_161Dy_b-Amyloid_X42_(Dy161Di)_shap_60,60.0,161Dy_b-Amyloid_X42_(Dy161Di),Linear Regression,0.5758176803263743,0.621106821106821,0.00023822844967224922,5.295401301024153e-05,0.06846053972435334,shap
Linear Regression_161Dy_b-Amyloid_X42_(Dy161Di)_shap_80,80.0,161Dy_b-Amyloid_X42_(Dy161Di),Linear Regression,0.292991783608508,0.4970398970398971,0.08288322660500905,0.002043340610612214,0.09449758717307094,shap
Linear Regression_161Dy_b-Amyloid_X42_(Dy161Di)_shap_100,100.0,161Dy_b-Amyloid_X42_(Dy161Di),Linear Regression,0.7471463363616475,0.7583011583011583,1.6553110859753852e-07,8.450793137065016e-08,0.045871129545807375,shap
Linear Regression_161Dy_b-Amyloid_X42_(Dy161Di)_shap_150,150.0,161Dy_b-Amyloid_X42_(Dy161Di),Linear Regression,0.8858432827801885,0.8790218790218791,6.974588814168654e-13,1.7716663673871074e-12,0.030728379118018647,shap
Linear Regression_162Dy_Calreticulin_(Dy162Di)_shap_5,5.0,162Dy_Calreticulin_(Dy162Di),Linear Regression,-0.354623015006109,-0.354954954954955,0.033824201856676006,0.03364607833063196,0.1346504486843597,shap
Linear Regression_162Dy_Calreticulin_(Dy162Di)_shap_10,10.0,162Dy_Calreticulin_(Dy162Di),Linear Regression,-0.209793850508131,0.10115830115830116,0.21942378846132804,0.557177762581669,0.1614741642127351,shap
Linear Regression_162Dy_Calreticulin_(Dy162Di)_shap_20,20.0,162Dy_Calreticulin_(Dy162Di),Linear Regression,-0.18382983873924916,-0.029343629343629347,0.2831669729269058,0.8651008475218878,0.20443396520218277,shap
Linear Regression_162Dy_Calreticulin_(Dy162Di)_shap_40,40.0,162Dy_Calreticulin_(Dy162Di),Linear Regression,-0.07378850899108111,0.008236808236808238,0.6688766947815661,0.9619733149498322,0.15896256972252334,shap
Linear Regression_162Dy_Calreticulin_(Dy162Di)_shap_60,60.0,162Dy_Calreticulin_(Dy162Di),Linear Regression,0.1251336338826826,0.3951093951093951,0.46712158608074306,0.01708180849591703,0.08250245939963947,shap
Linear Regression_162Dy_Calreticulin_(Dy162Di)_shap_80,80.0,162Dy_Calreticulin_(Dy162Di),Linear Regression,0.2607620944968912,0.49034749034749037,0.12452136221454417,0.002397471901900644,0.05792258279364634,shap
Linear Regression_162Dy_Calreticulin_(Dy162Di)_shap_100,100.0,162Dy_Calreticulin_(Dy162Di),Linear Regression,0.5337594829102664,0.6617760617760619,0.0008007297614686473,1.1069954916435203e-05,0.03997778501724931,shap
Linear Regression_162Dy_Calreticulin_(Dy162Di)_shap_150,150.0,162Dy_Calreticulin_(Dy162Di),Linear Regression,0.5518556123454406,0.48674388674388674,0.000484693393905439,0.0026095085215456213,0.04246481088757974,shap
Linear Regression_164Dy_GBA1_(Dy164Di)_shap_5,5.0,164Dy_GBA1_(Dy164Di),Linear Regression,-0.1768166532417922,0.22625482625482626,0.30225229412819243,0.1845409921991475,0.22567305794915715,shap
Linear Regression_164Dy_GBA1_(Dy164Di)_shap_10,10.0,164Dy_GBA1_(Dy164Di),Linear Regression,-0.2633651894364686,-0.019305019305019308,0.12067026591296978,0.9110196224571777,0.2302865989395083,shap
Linear Regression_164Dy_GBA1_(Dy164Di)_shap_20,20.0,164Dy_GBA1_(Dy164Di),Linear Regression,-0.2469873228180009,0.03655083655083655,0.14643682937602948,0.8323910802754917,0.2668574185309082,shap
Linear Regression_164Dy_GBA1_(Dy164Di)_shap_40,40.0,164Dy_GBA1_(Dy164Di),Linear Regression,-0.11866927738950755,0.4568854568854569,0.49061607428794574,0.005091503014128377,0.1836680176349411,shap
Linear Regression_164Dy_GBA1_(Dy164Di)_shap_60,60.0,164Dy_GBA1_(Dy164Di),Linear Regression,0.05199427728792061,0.4386100386100386,0.7632927995973521,0.007453152266858107,0.10303945583525748,shap
Linear Regression_164Dy_GBA1_(Dy164Di)_shap_80,80.0,164Dy_GBA1_(Dy164Di),Linear Regression,0.16178514738812935,0.383011583011583,0.3458430137583662,0.02112885027810123,0.11441199110475211,shap
Linear Regression_164Dy_GBA1_(Dy164Di)_shap_100,100.0,164Dy_GBA1_(Dy164Di),Linear Regression,0.32298256118735635,0.5045045045045046,0.05468726502078497,0.0017031679310786898,0.08764702967716097,shap
Linear Regression_164Dy_GBA1_(Dy164Di)_shap_150,150.0,164Dy_GBA1_(Dy164Di),Linear Regression,0.6258203152816232,0.594079794079794,4.4670725719735057e-05,0.00013347181488868878,0.059602495136510995,shap
Linear Regression_165Ho_3NT_(Ho165Di)_shap_5,5.0,165Ho_3NT_(Ho165Di),Linear Regression,-0.05349888295525036,0.0712998712998713,0.75664698126229,0.6794395180228429,0.24698617440618506,shap
Linear Regression_165Ho_3NT_(Ho165Di)_shap_10,10.0,165Ho_3NT_(Ho165Di),Linear Regression,0.20968182655702494,0.18893178893178894,0.2196756702523433,0.26978411614179126,0.23462158767427738,shap
Linear Regression_165Ho_3NT_(Ho165Di)_shap_20,20.0,165Ho_3NT_(Ho165Di),Linear Regression,0.7473820966301755,0.6924066924066925,1.6325409804575974e-07,2.8877267942853602e-06,0.10711502543332271,shap
Linear Regression_165Ho_3NT_(Ho165Di)_shap_40,40.0,165Ho_3NT_(Ho165Di),Linear Regression,0.3977267537405945,0.45997425997426,0.01629765967646916,0.004764185045541467,0.348868484617687,shap
Linear Regression_165Ho_3NT_(Ho165Di)_shap_60,60.0,165Ho_3NT_(Ho165Di),Linear Regression,0.673951531283108,0.662033462033462,6.611546672604567e-06,1.0952621930390296e-05,0.12633336653268346,shap
Linear Regression_165Ho_3NT_(Ho165Di)_shap_80,80.0,165Ho_3NT_(Ho165Di),Linear Regression,0.6768665047023441,0.629086229086229,5.823310039038955e-06,3.9639102836657895e-05,0.1207373809322543,shap
Linear Regression_165Ho_3NT_(Ho165Di)_shap_100,100.0,165Ho_3NT_(Ho165Di),Linear Regression,0.8712670462781705,0.8231660231660232,4.787820261989653e-12,7.155029523144312e-10,0.06858993855998807,shap
Linear Regression_165Ho_3NT_(Ho165Di)_shap_150,150.0,165Ho_3NT_(Ho165Di),Linear Regression,0.8992440953448525,0.8646074646074647,9.285173037644757e-14,1.0697864355375077e-11,0.06292692921830902,shap
Linear Regression_166Er_PrP_CD230_(Er166Di)_shap_5,5.0,166Er_PrP_CD230_(Er166Di),Linear Regression,0.006444142240703927,0.21235521235521235,0.9702452999132904,0.2137186167313339,0.7650677360236199,shap
Linear Regression_166Er_PrP_CD230_(Er166Di)_shap_10,10.0,166Er_PrP_CD230_(Er166Di),Linear Regression,0.21121919631071814,0.5709137709137709,0.21623622938983178,0.00027673015008495986,1.0490058867666963,shap
Linear Regression_166Er_PrP_CD230_(Er166Di)_shap_20,20.0,166Er_PrP_CD230_(Er166Di),Linear Regression,0.3097539985871403,0.4406692406692407,0.0659970955756713,0.007147136594748706,0.9389369846476671,shap
Linear Regression_166Er_PrP_CD230_(Er166Di)_shap_40,40.0,166Er_PrP_CD230_(Er166Di),Linear Regression,0.40124071440973946,0.4272844272844274,0.015292568221002837,0.00934439780892936,0.5478692708332883,shap
Linear Regression_166Er_PrP_CD230_(Er166Di)_shap_60,60.0,166Er_PrP_CD230_(Er166Di),Linear Regression,0.5360754833380237,0.685971685971686,0.0007520762723315689,3.880886376449218e-06,0.4600032927119183,shap
Linear Regression_166Er_PrP_CD230_(Er166Di)_shap_80,80.0,166Er_PrP_CD230_(Er166Di),Linear Regression,0.5132814153858597,0.6231660231660231,0.0013676216534083251,4.917815191179774e-05,0.40710761351626557,shap
Linear Regression_166Er_PrP_CD230_(Er166Di)_shap_100,100.0,166Er_PrP_CD230_(Er166Di),Linear Regression,0.8094124966545553,0.7755469755469757,2.2826353477721826e-09,2.776550149224669e-08,0.29009986238882296,shap
Linear Regression_166Er_PrP_CD230_(Er166Di)_shap_150,150.0,166Er_PrP_CD230_(Er166Di),Linear Regression,0.9361964975580284,0.920978120978121,5.253549428639191e-17,1.7709655608357394e-15,0.19364226816508867,shap
Linear Regression_167Er_ApoE_(Er167Di)_shap_5,5.0,167Er_ApoE_(Er167Di),Linear Regression,-0.031001807922044045,0.012097812097812096,0.8575536198904303,0.9441716790881169,0.14536688238977516,shap
Linear Regression_167Er_ApoE_(Er167Di)_shap_10,10.0,167Er_ApoE_(Er167Di),Linear Regression,0.395244742129671,0.6435006435006436,0.017040498357872143,2.3005244317655626e-05,0.14085589842820545,shap
Linear Regression_167Er_ApoE_(Er167Di)_shap_20,20.0,167Er_ApoE_(Er167Di),Linear Regression,-0.0006878842871763709,0.06357786357786357,0.9968231191158008,0.7125916992649305,0.16865173976240713,shap
Linear Regression_167Er_ApoE_(Er167Di)_shap_40,40.0,167Er_ApoE_(Er167Di),Linear Regression,-0.02975713361309215,-0.03371943371943372,0.8632176490210393,0.8452114484003364,0.45385760539157843,shap
Linear Regression_167Er_ApoE_(Er167Di)_shap_60,60.0,167Er_ApoE_(Er167Di),Linear Regression,0.43156005242049844,0.42239382239382245,0.008587273299543091,0.010279430195112866,0.13640227518017825,shap
Linear Regression_167Er_ApoE_(Er167Di)_shap_80,80.0,167Er_ApoE_(Er167Di),Linear Regression,0.5842412762846889,0.6069498069498069,0.0001831467414833777,8.6847171286807e-05,0.08497417509582189,shap
Linear Regression_167Er_ApoE_(Er167Di)_shap_100,100.0,167Er_ApoE_(Er167Di),Linear Regression,0.5259438848818572,0.7045045045045046,0.0009861352997652052,1.6223233010303674e-06,0.08638953065597553,shap
Linear Regression_167Er_ApoE_(Er167Di)_shap_150,150.0,167Er_ApoE_(Er167Di),Linear Regression,0.8154267578234585,0.8185328185328188,1.3907159651183268e-09,1.069144823717383e-09,0.048716008307249536,shap
Linear Regression_168Er_b-Amyloid_X40_(Er168Di)_shap_5,5.0,168Er_b-Amyloid_X40_(Er168Di),Linear Regression,0.206521362968552,0.5060489060489061,0.22686364279380788,0.001639352853481952,0.18277231153660467,shap
Linear Regression_168Er_b-Amyloid_X40_(Er168Di)_shap_10,10.0,168Er_b-Amyloid_X40_(Er168Di),Linear Regression,0.5825057430596374,0.4949806949806951,0.00019345634409773056,0.0021470729502233413,0.10983200476271329,shap
Linear Regression_168Er_b-Amyloid_X40_(Er168Di)_shap_20,20.0,168Er_b-Amyloid_X40_(Er168Di),Linear Regression,0.553660283734946,0.5392535392535392,0.0004603006769949144,0.0006895818223201716,0.15394075790993914,shap
Linear Regression_168Er_b-Amyloid_X40_(Er168Di)_shap_40,40.0,168Er_b-Amyloid_X40_(Er168Di),Linear Regression,0.5602668859981271,0.49806949806949813,0.0003800574498856492,0.001993140278967667,0.16815717258562332,shap
Linear Regression_168Er_b-Amyloid_X40_(Er168Di)_shap_60,60.0,168Er_b-Amyloid_X40_(Er168Di),Linear Regression,0.6209509732698738,0.7310167310167311,5.325018055402417e-05,4.1262988322380237e-07,0.11170817026048578,shap
Linear Regression_168Er_b-Amyloid_X40_(Er168Di)_shap_80,80.0,168Er_b-Amyloid_X40_(Er168Di),Linear Regression,0.6964272493977696,0.5989703989703989,2.3915321471657573e-06,0.0001136081048835946,0.0963731925023379,shap
Linear Regression_168Er_b-Amyloid_X40_(Er168Di)_shap_100,100.0,168Er_b-Amyloid_X40_(Er168Di),Linear Regression,0.8097342822565596,0.76988416988417,2.2238966361313276e-09,4.043788312017202e-08,0.07978184776160419,shap
Linear Regression_168Er_b-Amyloid_X40_(Er168Di)_shap_150,150.0,168Er_b-Amyloid_X40_(Er168Di),Linear Regression,0.8784842621409509,0.7523809523809524,1.902187476153853e-12,1.2127161880877206e-07,0.06758045657396221,shap
Linear Regression_169Tm_GAD65_(Tm169Di)_shap_5,5.0,169Tm_GAD65_(Tm169Di),Linear Regression,-0.10774413662703754,-0.24015444015444015,0.5316593825820366,0.1582982515129609,0.1656903847242702,shap
Linear Regression_169Tm_GAD65_(Tm169Di)_shap_10,10.0,169Tm_GAD65_(Tm169Di),Linear Regression,-0.0036811679614713556,-0.030373230373230378,0.9830003145665338,0.8604131747327076,0.197368998799395,shap
Linear Regression_169Tm_GAD65_(Tm169Di)_shap_20,20.0,169Tm_GAD65_(Tm169Di),Linear Regression,0.12174423430775608,0.19433719433719435,0.4793652711395968,0.25606485029098713,0.20828263066942945,shap
Linear Regression_169Tm_GAD65_(Tm169Di)_shap_40,40.0,169Tm_GAD65_(Tm169Di),Linear Regression,0.34851920576550055,0.3420849420849421,0.03723917438280747,0.04113716898644564,0.20382645741785288,shap
Linear Regression_169Tm_GAD65_(Tm169Di)_shap_60,60.0,169Tm_GAD65_(Tm169Di),Linear Regression,0.21646096137740525,0.1922779922779923,0.20478823401661417,0.26123558185441115,0.17537872710993618,shap
Linear Regression_169Tm_GAD65_(Tm169Di)_shap_80,80.0,169Tm_GAD65_(Tm169Di),Linear Regression,0.7666007175982097,0.7814671814671814,5.004673366341963e-08,1.852291706944078e-08,0.0700581998040108,shap
Linear Regression_169Tm_GAD65_(Tm169Di)_shap_100,100.0,169Tm_GAD65_(Tm169Di),Linear Regression,0.7711689309371158,0.7593307593307593,3.7166224496245596e-08,7.928016067774344e-08,0.07889466668139561,shap
Linear Regression_169Tm_GAD65_(Tm169Di)_shap_150,150.0,169Tm_GAD65_(Tm169Di),Linear Regression,0.7662262446798599,0.7842985842985843,5.126728930195076e-08,1.519543432685123e-08,0.07085248015815543,shap
Linear Regression_170Er_GAMT_2_(Er170Di)_shap_5,5.0,170Er_GAMT_2_(Er170Di),Linear Regression,-0.22029328902172743,0.033204633204633204,0.19668948919771057,0.8475467370962678,0.18591500881008038,shap
Linear Regression_170Er_GAMT_2_(Er170Di)_shap_10,10.0,170Er_GAMT_2_(Er170Di),Linear Regression,-0.13958989332700864,0.07104247104247104,0.4168100756421624,0.680535513039833,0.17240103083789238,shap
Linear Regression_170Er_GAMT_2_(Er170Di)_shap_20,20.0,170Er_GAMT_2_(Er170Di),Linear Regression,0.018475634283865446,0.16525096525096525,0.9148281962960167,0.3354685349802575,0.20503832702480784,shap
Linear Regression_170Er_GAMT_2_(Er170Di)_shap_40,40.0,170Er_GAMT_2_(Er170Di),Linear Regression,0.03398606676856892,0.2751608751608752,0.8440024305110452,0.10432733320077506,0.2118552765890749,shap
Linear Regression_170Er_GAMT_2_(Er170Di)_shap_60,60.0,170Er_GAMT_2_(Er170Di),Linear Regression,0.48640756000828356,0.3933075933075934,0.002630108355571799,0.01763978791019984,0.0959014610408504,shap
Linear Regression_170Er_GAMT_2_(Er170Di)_shap_80,80.0,170Er_GAMT_2_(Er170Di),Linear Regression,0.727964356544655,0.7835263835263836,4.869517515806551e-07,1.6043267419927303e-08,0.05440111093812635,shap
Linear Regression_170Er_GAMT_2_(Er170Di)_shap_100,100.0,170Er_GAMT_2_(Er170Di),Linear Regression,0.8389917406820272,0.8324324324324325,1.6541793942255678e-10,3.091464864749407e-10,0.04558183099345024,shap
Linear Regression_170Er_GAMT_2_(Er170Di)_shap_150,150.0,170Er_GAMT_2_(Er170Di),Linear Regression,0.8164956994932225,0.7248391248391248,1.2710938900803192e-09,5.756349170066251e-07,0.04705868720442621,shap
Linear Regression_171Yb_LC3B_(Yb171Di)_shap_5,5.0,171Yb_LC3B_(Yb171Di),Linear Regression,0.01958740506796041,0.27670527670527667,0.909723335350658,0.10231844973926173,0.21643605919411077,shap
Linear Regression_171Yb_LC3B_(Yb171Di)_shap_10,10.0,171Yb_LC3B_(Yb171Di),Linear Regression,-0.24855005001477304,-0.3392535392535393,0.14381780760799018,0.0429539536387242,0.20247227289116732,shap
Linear Regression_171Yb_LC3B_(Yb171Di)_shap_20,20.0,171Yb_LC3B_(Yb171Di),Linear Regression,-0.037585598870511897,0.07052767052767053,0.8277161817712642,0.6827294354274948,0.17453882115359864,shap
Linear Regression_171Yb_LC3B_(Yb171Di)_shap_40,40.0,171Yb_LC3B_(Yb171Di),Linear Regression,-0.12000632882565697,0.07876447876447876,0.4857074186210025,0.6479449181384861,0.20690317233441852,shap
Linear Regression_171Yb_LC3B_(Yb171Di)_shap_60,60.0,171Yb_LC3B_(Yb171Di),Linear Regression,0.21543248643621235,0.42162162162162165,0.20700052671229519,0.010434099109424314,0.10248350525400304,shap
Linear Regression_171Yb_LC3B_(Yb171Di)_shap_80,80.0,171Yb_LC3B_(Yb171Di),Linear Regression,0.7670682987268925,0.6965250965250966,4.8560391335750905e-08,2.3804943128054127e-06,0.05738975337959391,shap
Linear Regression_171Yb_LC3B_(Yb171Di)_shap_100,100.0,171Yb_LC3B_(Yb171Di),Linear Regression,0.691682068082092,0.5356499356499357,2.986585106223385e-06,0.0007608143970929121,0.06259988784082723,shap
Linear Regression_171Yb_LC3B_(Yb171Di)_shap_150,150.0,171Yb_LC3B_(Yb171Di),Linear Regression,0.686427220785508,0.7217503217503218,3.801450574210284e-06,6.776533146175509e-07,0.053825976564677774,shap
Linear Regression_173Yb_APP_(Yb173Di)_shap_5,5.0,173Yb_APP_(Yb173Di),Linear Regression,-0.19124590214934123,-0.1945945945945946,0.26385295284066296,0.25542331787145256,0.4709685515806073,shap
Linear Regression_173Yb_APP_(Yb173Di)_shap_10,10.0,173Yb_APP_(Yb173Di),Linear Regression,0.2013781999818938,0.22754182754182758,0.23890022433151734,0.18198952932967472,0.21292263375635667,shap
Linear Regression_173Yb_APP_(Yb173Di)_shap_20,20.0,173Yb_APP_(Yb173Di),Linear Regression,-0.16329122155165707,-0.09755469755469756,0.3413110273475176,0.5713775489256785,0.39704584585342007,shap
Linear Regression_173Yb_APP_(Yb173Di)_shap_40,40.0,173Yb_APP_(Yb173Di),Linear Regression,-0.20822093094511665,-0.17271557271557272,0.22297859367889006,0.31378257283456484,1.0525083990240363,shap
Linear Regression_173Yb_APP_(Yb173Di)_shap_60,60.0,173Yb_APP_(Yb173Di),Linear Regression,0.5647653086521933,0.5706563706563708,0.0003328127596276808,0.00027889666525093376,0.16728326914553046,shap
Linear Regression_173Yb_APP_(Yb173Di)_shap_80,80.0,173Yb_APP_(Yb173Di),Linear Regression,0.5257810697872782,0.5490347490347491,0.0009903707251905,0.0005251298834109561,0.17538275303971768,shap
Linear Regression_173Yb_APP_(Yb173Di)_shap_100,100.0,173Yb_APP_(Yb173Di),Linear Regression,0.4850092256876328,0.5467181467181468,0.002717284592594081,0.0005605529038917175,0.18558296765593532,shap
Linear Regression_173Yb_APP_(Yb173Di)_shap_150,150.0,173Yb_APP_(Yb173Di),Linear Regression,0.8066046241542866,0.778893178893179,2.8598138907753412e-09,2.2120709612668043e-08,0.11230567886932824,shap
Linear Regression_174Yb_K48-Ubiquitin_(Yb174Di)_shap_5,5.0,174Yb_K48-Ubiquitin_(Yb174Di),Linear Regression,-0.23498162207662657,0.112998712998713,0.1677290783485292,0.5117138257951563,0.3001374360274778,shap
Linear Regression_174Yb_K48-Ubiquitin_(Yb174Di)_shap_10,10.0,174Yb_K48-Ubiquitin_(Yb174Di),Linear Regression,-0.1215777794455981,0.07490347490347489,0.4799708402120062,0.6641643909158859,0.2411126063443126,shap
Linear Regression_174Yb_K48-Ubiquitin_(Yb174Di)_shap_20,20.0,174Yb_K48-Ubiquitin_(Yb174Di),Linear Regression,0.1432212127829875,0.3047619047619048,0.4046706825456223,0.0707147784329763,0.2123402935933279,shap
Linear Regression_174Yb_K48-Ubiquitin_(Yb174Di)_shap_40,40.0,174Yb_K48-Ubiquitin_(Yb174Di),Linear Regression,0.28720225123520465,0.3709137709137709,0.089434252295128,0.02594350432774892,0.270892195978815,shap
Linear Regression_174Yb_K48-Ubiquitin_(Yb174Di)_shap_60,60.0,174Yb_K48-Ubiquitin_(Yb174Di),Linear Regression,0.48188207849485376,0.4697554697554697,0.0029214103312066213,0.0038446480610923248,0.17528089605060904,shap
Linear Regression_174Yb_K48-Ubiquitin_(Yb174Di)_shap_80,80.0,174Yb_K48-Ubiquitin_(Yb174Di),Linear Regression,0.4208190056252048,0.390990990990991,0.010596950665525177,0.018379526501010296,0.15570605740011667,shap
Linear Regression_174Yb_K48-Ubiquitin_(Yb174Di)_shap_100,100.0,174Yb_K48-Ubiquitin_(Yb174Di),Linear Regression,0.7432489816064425,0.6483912483912485,2.0767610538694818e-07,1.900489415516304e-05,0.09672955114428489,shap
Linear Regression_174Yb_K48-Ubiquitin_(Yb174Di)_shap_150,150.0,174Yb_K48-Ubiquitin_(Yb174Di),Linear Regression,0.8656185920789409,0.8015444015444017,9.494761532981872e-12,4.2543805074373266e-09,0.06837976633028814,shap
Linear Regression_176Lu_SLC6A8_(Lu176Di)_shap_5,5.0,176Lu_SLC6A8_(Lu176Di),Linear Regression,-0.2544926454365006,0.059716859716859715,0.1341713451035746,0.7293689590149803,0.15818497387839092,shap
Linear Regression_176Lu_SLC6A8_(Lu176Di)_shap_10,10.0,176Lu_SLC6A8_(Lu176Di),Linear Regression,-0.23825559608950167,-0.06460746460746461,0.16171450904304374,0.7081397328920174,0.1693711317413517,shap
Linear Regression_176Lu_SLC6A8_(Lu176Di)_shap_20,20.0,176Lu_SLC6A8_(Lu176Di),Linear Regression,-0.1713468616047333,0.03655083655083655,0.3176914192696355,0.8323910802754917,0.2679869884573378,shap
Linear Regression_176Lu_SLC6A8_(Lu176Di)_shap_40,40.0,176Lu_SLC6A8_(Lu176Di),Linear Regression,-0.2110275001395849,-0.10064350064350065,0.21666306412230113,0.5591962132399981,0.3607607605851777,shap
Linear Regression_176Lu_SLC6A8_(Lu176Di)_shap_60,60.0,176Lu_SLC6A8_(Lu176Di),Linear Regression,-0.1250750315492878,0.051994851994851994,0.46733186055354775,0.7632902579093083,0.17343983854623304,shap
Linear Regression_176Lu_SLC6A8_(Lu176Di)_shap_80,80.0,176Lu_SLC6A8_(Lu176Di),Linear Regression,0.3270890566363831,0.5516087516087517,0.05150951796611919,0.0004881179834676212,0.07816373749477155,shap
Linear Regression_176Lu_SLC6A8_(Lu176Di)_shap_100,100.0,176Lu_SLC6A8_(Lu176Di),Linear Regression,0.5480547160246424,0.6234234234234235,0.0005398649633857856,4.8723706171386944e-05,0.0752624505783528,shap
Linear Regression_176Lu_SLC6A8_(Lu176Di)_shap_150,150.0,176Lu_SLC6A8_(Lu176Di),Linear Regression,0.829905032737567,0.8427284427284428,3.9058881200018865e-10,1.1439782216663134e-10,0.039125108575728956,shap
Decision Tree_89Y_EAAT1_(Y89Di)_shap_5,5.0,89Y_EAAT1_(Y89Di),Decision Tree,0.6746748749448892,0.6229086229086229,6.407356733325225e-06,4.963642726642944e-05,0.1465218832617095,shap
Decision Tree_89Y_EAAT1_(Y89Di)_shap_10,10.0,89Y_EAAT1_(Y89Di),Decision Tree,0.47733922461281686,0.5263835263835264,0.003241707083638953,0.0009747784454521319,0.1901336423390564,shap
Decision Tree_89Y_EAAT1_(Y89Di)_shap_20,20.0,89Y_EAAT1_(Y89Di),Decision Tree,0.6471985138649534,0.6846846846846848,1.9917410825637523e-05,4.113582484449461e-06,0.12891089781101514,shap
Decision Tree_89Y_EAAT1_(Y89Di)_shap_40,40.0,89Y_EAAT1_(Y89Di),Decision Tree,0.8104642936032856,0.8012870012870013,2.0958020956997006e-09,4.339895625806827e-09,0.09126758957441444,shap
Decision Tree_89Y_EAAT1_(Y89Di)_shap_60,60.0,89Y_EAAT1_(Y89Di),Decision Tree,0.7286904553878143,0.737966537966538,4.68234016006749e-07,2.806412103058105e-07,0.1241458562945114,shap
Decision Tree_89Y_EAAT1_(Y89Di)_shap_80,80.0,89Y_EAAT1_(Y89Di),Decision Tree,0.5631079724263935,0.5608751608751609,0.000349570967394248,0.00037333780714358787,0.15929139649767893,shap
Decision Tree_89Y_EAAT1_(Y89Di)_shap_100,100.0,89Y_EAAT1_(Y89Di),Decision Tree,0.5450501096618237,0.5539253539253539,0.0005873579879834083,0.0004568115008506685,0.17303814713130458,shap
Decision Tree_89Y_EAAT1_(Y89Di)_shap_150,150.0,89Y_EAAT1_(Y89Di),Decision Tree,0.7081960238869355,0.6612612612612613,1.3528528776304175e-06,1.1308061255692471e-05,0.13453576521498326,shap
Decision Tree_113In_VMAT2_(In113Di)_shap_5,5.0,113In_VMAT2_(In113Di),Decision Tree,0.6548872281781764,0.7093951093951095,1.4668394779671299e-05,1.2745828924070013e-06,0.13689542707758998,shap
Decision Tree_113In_VMAT2_(In113Di)_shap_10,10.0,113In_VMAT2_(In113Di),Decision Tree,0.7010001054859804,0.8851994851994852,1.9228041945441685e-06,7.635053129124466e-13,0.1023838242822524,shap
Decision Tree_113In_VMAT2_(In113Di)_shap_20,20.0,113In_VMAT2_(In113Di),Decision Tree,0.47519611991079874,0.5786357786357788,0.0034031238802463503,0.0002183416152637415,0.1614474765440508,shap
Decision Tree_113In_VMAT2_(In113Di)_shap_40,40.0,113In_VMAT2_(In113Di),Decision Tree,0.6215950898279224,0.5557271557271558,5.203573980222487e-05,0.00043371162133451876,0.1457719051256597,shap
Decision Tree_113In_VMAT2_(In113Di)_shap_60,60.0,113In_VMAT2_(In113Di),Decision Tree,0.5555489770531907,0.5287001287001287,0.0004359486381320986,0.0009168239327931759,0.15815266154848517,shap
Decision Tree_113In_VMAT2_(In113Di)_shap_80,80.0,113In_VMAT2_(In113Di),Decision Tree,0.6174755588695945,0.6522522522522523,6.025613475025624e-05,1.630531166395877e-05,0.1362676722743083,shap
Decision Tree_113In_VMAT2_(In113Di)_shap_100,100.0,113In_VMAT2_(In113Di),Decision Tree,0.6718868644048898,0.8442728442728443,7.227466824965562e-06,9.795070554419555e-11,0.1088593272972848,shap
Decision Tree_113In_VMAT2_(In113Di)_shap_150,150.0,113In_VMAT2_(In113Di),Decision Tree,0.5969541834095308,0.6857142857142858,0.00012144987608111544,3.926439652544559e-06,0.1440733247503144,shap
Decision Tree_115In_Synaptobrevin2_(In115Di)_shap_5,5.0,115In_Synaptobrevin2_(In115Di),Decision Tree,0.7321862486489307,0.6872586872586873,3.870322737521459e-07,3.66028124480318e-06,0.12226534668419327,shap
Decision Tree_115In_Synaptobrevin2_(In115Di)_shap_10,10.0,115In_Synaptobrevin2_(In115Di),Decision Tree,0.7033292341184537,0.6144144144144145,1.7179243430986577e-06,6.710537199476213e-05,0.1391253968865758,shap
Decision Tree_115In_Synaptobrevin2_(In115Di)_shap_20,20.0,115In_Synaptobrevin2_(In115Di),Decision Tree,0.7172905454844432,0.6048906048906049,8.544530264392687e-07,9.314483293325373e-05,0.11961632838231602,shap
Decision Tree_115In_Synaptobrevin2_(In115Di)_shap_40,40.0,115In_Synaptobrevin2_(In115Di),Decision Tree,0.5525768750992118,0.37142857142857144,0.00047480981212126366,0.025721627388830066,0.16727297213440084,shap
Decision Tree_115In_Synaptobrevin2_(In115Di)_shap_60,60.0,115In_Synaptobrevin2_(In115Di),Decision Tree,0.7718159236957207,0.7420849420849421,3.5612942787810975e-08,2.2205999337516266e-07,0.10409225031711956,shap
Decision Tree_115In_Synaptobrevin2_(In115Di)_shap_80,80.0,115In_Synaptobrevin2_(In115Di),Decision Tree,0.7082353163419114,0.6115830115830116,1.3502197584723739e-06,7.405814471478397e-05,0.1358925444470142,shap
Decision Tree_115In_Synaptobrevin2_(In115Di)_shap_100,100.0,115In_Synaptobrevin2_(In115Di),Decision Tree,0.692131293668042,0.5935649935649936,2.9249403620557723e-06,0.00013573449756442736,0.14358325689439835,shap
Decision Tree_115In_Synaptobrevin2_(In115Di)_shap_150,150.0,115In_Synaptobrevin2_(In115Di),Decision Tree,0.43862677242543674,0.2761904761904762,0.007450620975564447,0.10298478436077717,0.1694576501764617,shap
Decision Tree_141Pr_LRRK2_(Pr141Di)_shap_5,5.0,141Pr_LRRK2_(Pr141Di),Decision Tree,0.7476552725507557,0.661003861003861,1.606518431718238e-07,1.1428854665117581e-05,0.05636120641361962,shap
Decision Tree_141Pr_LRRK2_(Pr141Di)_shap_10,10.0,141Pr_LRRK2_(Pr141Di),Decision Tree,0.7421549114815964,0.7482625482625482,2.2117011977261522e-07,1.5500336290768457e-07,0.0533337711183004,shap
Decision Tree_141Pr_LRRK2_(Pr141Di)_shap_20,20.0,141Pr_LRRK2_(Pr141Di),Decision Tree,0.6753942660109937,0.646074646074646,6.210005453806858e-06,2.081347122049776e-05,0.060508775105977394,shap
Decision Tree_141Pr_LRRK2_(Pr141Di)_shap_40,40.0,141Pr_LRRK2_(Pr141Di),Decision Tree,0.4573235527543976,0.40360360360360364,0.005043929219790617,0.014646437334898085,0.0773850531316334,shap
Decision Tree_141Pr_LRRK2_(Pr141Di)_shap_60,60.0,141Pr_LRRK2_(Pr141Di),Decision Tree,0.6036009000666398,0.49266409266409267,9.729576229890882e-05,0.0022692540609615423,0.07361580483461874,shap
Decision Tree_141Pr_LRRK2_(Pr141Di)_shap_80,80.0,141Pr_LRRK2_(Pr141Di),Decision Tree,0.1462598357752699,0.07490347490347489,0.39466974460073967,0.6641643909158859,0.10192929292659286,shap
Decision Tree_141Pr_LRRK2_(Pr141Di)_shap_100,100.0,141Pr_LRRK2_(Pr141Di),Decision Tree,0.5070471036367911,0.305019305019305,0.0015992332569063482,0.07046524318145708,0.07922765371292356,shap
Decision Tree_141Pr_LRRK2_(Pr141Di)_shap_150,150.0,141Pr_LRRK2_(Pr141Di),Decision Tree,0.4777127237801391,0.3845559845559846,0.003214267699126358,0.020571567789587995,0.07650565338287561,shap
Decision Tree_142Nd_a-Synuclein_(Nd142Di)_shap_5,5.0,142Nd_a-Synuclein_(Nd142Di),Decision Tree,0.18606123224546953,0.32715572715572716,0.27726192667066607,0.0514591709968415,0.2169504224604082,shap
Decision Tree_142Nd_a-Synuclein_(Nd142Di)_shap_10,10.0,142Nd_a-Synuclein_(Nd142Di),Decision Tree,0.19066582526393808,0.16447876447876447,0.2653315788174748,0.337763275770512,0.20338304601474427,shap
Decision Tree_142Nd_a-Synuclein_(Nd142Di)_shap_20,20.0,142Nd_a-Synuclein_(Nd142Di),Decision Tree,0.6617343521666087,0.6074646074646075,1.1089075163070888e-05,8.53339733707633e-05,0.12701449719783112,shap
Decision Tree_142Nd_a-Synuclein_(Nd142Di)_shap_40,40.0,142Nd_a-Synuclein_(Nd142Di),Decision Tree,0.519587123809955,0.6486486486486487,0.001163918698637177,1.8813020565032717e-05,0.14905182084502047,shap
Decision Tree_142Nd_a-Synuclein_(Nd142Di)_shap_60,60.0,142Nd_a-Synuclein_(Nd142Di),Decision Tree,0.31273201841755643,0.41029601029601037,0.063302992984752,0.012939789863763226,0.19638936687884403,shap
Decision Tree_142Nd_a-Synuclein_(Nd142Di)_shap_80,80.0,142Nd_a-Synuclein_(Nd142Di),Decision Tree,0.3928275609415871,0.36319176319176316,0.017790990152682533,0.029465654595425224,0.15117387014874503,shap
Decision Tree_142Nd_a-Synuclein_(Nd142Di)_shap_100,100.0,142Nd_a-Synuclein_(Nd142Di),Decision Tree,0.46139656230383075,0.5184041184041185,0.004619684045514373,0.0011999577504531074,0.17585030511693872,shap
Decision Tree_142Nd_a-Synuclein_(Nd142Di)_shap_150,150.0,142Nd_a-Synuclein_(Nd142Di),Decision Tree,0.6041273000275086,0.623938223938224,9.558182518647386e-05,4.7826189897148224e-05,0.11807955480423543,shap
Decision Tree_143Nd_GFAP_(Nd143Di)_shap_5,5.0,143Nd_GFAP_(Nd143Di),Decision Tree,0.7029299541400589,0.6445302445302447,1.7515602368341039e-06,2.21045661060588e-05,0.22443311464041849,shap
Decision Tree_143Nd_GFAP_(Nd143Di)_shap_10,10.0,143Nd_GFAP_(Nd143Di),Decision Tree,0.6952350210224686,0.5737451737451739,2.529840119112061e-06,0.00025387267174269737,0.23281694488346394,shap
Decision Tree_143Nd_GFAP_(Nd143Di)_shap_20,20.0,143Nd_GFAP_(Nd143Di),Decision Tree,0.8237835894866682,0.7510939510939512,6.776136734734547e-10,1.310043105599047e-07,0.19376171505742942,shap
Decision Tree_143Nd_GFAP_(Nd143Di)_shap_40,40.0,143Nd_GFAP_(Nd143Di),Decision Tree,0.7075408379343847,0.6712998712998713,1.3974587630676828e-06,7.4118873136922675e-06,0.2069014232502317,shap
Decision Tree_143Nd_GFAP_(Nd143Di)_shap_60,60.0,143Nd_GFAP_(Nd143Di),Decision Tree,0.6787445245834977,0.65997425997426,5.361955403384507e-06,1.192386749266884e-05,0.23580867734588395,shap
Decision Tree_143Nd_GFAP_(Nd143Di)_shap_80,80.0,143Nd_GFAP_(Nd143Di),Decision Tree,0.6437604432602368,0.4290862290862292,2.2774887229918476e-05,0.00901867764581495,0.30617221654917137,shap
Decision Tree_143Nd_GFAP_(Nd143Di)_shap_100,100.0,143Nd_GFAP_(Nd143Di),Decision Tree,0.7448539360265228,0.5963963963963964,1.8924881132329207e-07,0.00012370360848641421,0.22366333994493848,shap
Decision Tree_143Nd_GFAP_(Nd143Di)_shap_150,150.0,143Nd_GFAP_(Nd143Di),Decision Tree,0.7303004162399703,0.644015444015444,4.290677203785612e-07,2.2550823476164895e-05,0.23386874316781903,shap
Decision Tree_144Nd_PARKIN_(Nd144Di)_shap_5,5.0,144Nd_PARKIN_(Nd144Di),Decision Tree,0.7707280647031217,0.7845559845559846,3.826025795824936e-08,1.492217017386257e-08,0.06798897844145864,shap
Decision Tree_144Nd_PARKIN_(Nd144Di)_shap_10,10.0,144Nd_PARKIN_(Nd144Di),Decision Tree,0.7668967184453692,0.802059202059202,4.91010063638416e-08,4.088017833752104e-09,0.05783585764511323,shap
Decision Tree_144Nd_PARKIN_(Nd144Di)_shap_20,20.0,144Nd_PARKIN_(Nd144Di),Decision Tree,0.7660156150399179,0.7804375804375805,5.1965839218232786e-08,1.989153220558642e-08,0.06477853578340921,shap
Decision Tree_144Nd_PARKIN_(Nd144Di)_shap_40,40.0,144Nd_PARKIN_(Nd144Di),Decision Tree,0.7184193612993138,0.7441441441441442,8.060915554739497e-07,1.9720406007564425e-07,0.0710380151717399,shap
Decision Tree_144Nd_PARKIN_(Nd144Di)_shap_60,60.0,144Nd_PARKIN_(Nd144Di),Decision Tree,0.6394149099822294,0.6666666666666667,2.6917300021997094e-05,9.025216829706275e-06,0.08801500447132957,shap
Decision Tree_144Nd_PARKIN_(Nd144Di)_shap_80,80.0,144Nd_PARKIN_(Nd144Di),Decision Tree,0.7142335996245186,0.7166023166023167,9.991096596906646e-07,8.852312084226757e-07,0.07021301869258445,shap
Decision Tree_144Nd_PARKIN_(Nd144Di)_shap_100,100.0,144Nd_PARKIN_(Nd144Di),Decision Tree,0.6415207193957594,0.6254826254826256,2.4831464798736073e-05,4.5222629959131824e-05,0.0926805712862851,shap
Decision Tree_144Nd_PARKIN_(Nd144Di)_shap_150,150.0,144Nd_PARKIN_(Nd144Di),Decision Tree,0.7806660475332244,0.7778635778635778,1.958000238668889e-08,2.3732864034741643e-08,0.06306133083015844,shap
Decision Tree_146Nd_Casp3_Acti_(Nd146Di)_shap_5,5.0,146Nd_Casp3_Acti_(Nd146Di),Decision Tree,0.8066511604383072,0.6638352638352639,2.849234048163112e-09,1.0162484594975306e-05,0.1418156026451649,shap
Decision Tree_146Nd_Casp3_Acti_(Nd146Di)_shap_10,10.0,146Nd_Casp3_Acti_(Nd146Di),Decision Tree,0.5391623370493033,0.32741312741312745,0.0006913089664557814,0.051265161311804454,0.24823005194924797,shap
Decision Tree_146Nd_Casp3_Acti_(Nd146Di)_shap_20,20.0,146Nd_Casp3_Acti_(Nd146Di),Decision Tree,0.2671098566206129,0.17760617760617764,0.11528737619556814,0.30006384868851266,0.2508663697690439,shap
Decision Tree_146Nd_Casp3_Acti_(Nd146Di)_shap_40,40.0,146Nd_Casp3_Acti_(Nd146Di),Decision Tree,0.4565669711421921,0.3392535392535393,0.005126330659591135,0.0429539536387242,0.260760408078825,shap
Decision Tree_146Nd_Casp3_Acti_(Nd146Di)_shap_60,60.0,146Nd_Casp3_Acti_(Nd146Di),Decision Tree,0.6830756080446532,0.5788931788931789,4.4224284732132326e-06,0.00021660151706789975,0.17809312470388045,shap
Decision Tree_146Nd_Casp3_Acti_(Nd146Di)_shap_80,80.0,146Nd_Casp3_Acti_(Nd146Di),Decision Tree,0.42926600122503744,0.44195624195624195,0.00898671701527399,0.0069613968019070415,0.22730551689011047,shap
Decision Tree_146Nd_Casp3_Acti_(Nd146Di)_shap_100,100.0,146Nd_Casp3_Acti_(Nd146Di),Decision Tree,0.3222673097426262,0.032175032175032175,0.05525638101271745,0.8522211327875617,0.28413713425751536,shap
Decision Tree_146Nd_Casp3_Acti_(Nd146Di)_shap_150,150.0,146Nd_Casp3_Acti_(Nd146Di),Decision Tree,0.2983983172123904,0.10759330759330761,0.07710683069721602,0.5322374090363875,0.3048742245769328,shap
Decision Tree_147Sm_BIN1_(Sm147Di)_shap_5,5.0,147Sm_BIN1_(Sm147Di),Decision Tree,0.719184361642295,0.6555984555984558,7.747599852397876e-07,1.425295663426348e-05,0.10503061919125611,shap
Decision Tree_147Sm_BIN1_(Sm147Di)_shap_10,10.0,147Sm_BIN1_(Sm147Di),Decision Tree,0.5985815495539957,0.5794079794079795,0.00011508402534034711,0.00021315854641739275,0.13739884145835443,shap
Decision Tree_147Sm_BIN1_(Sm147Di)_shap_20,20.0,147Sm_BIN1_(Sm147Di),Decision Tree,0.3835057534703825,0.3971685971685972,0.020949183664153527,0.016462297198770112,0.13772242092326253,shap
Decision Tree_147Sm_BIN1_(Sm147Di)_shap_40,40.0,147Sm_BIN1_(Sm147Di),Decision Tree,0.3855447563749301,0.24453024453024458,0.0202212458663056,0.1506249250471848,0.16429874073687814,shap
Decision Tree_147Sm_BIN1_(Sm147Di)_shap_60,60.0,147Sm_BIN1_(Sm147Di),Decision Tree,0.6193012538211703,0.3969111969111969,5.647833545055523e-05,0.016538690273774054,0.12514901107963528,shap
Decision Tree_147Sm_BIN1_(Sm147Di)_shap_80,80.0,147Sm_BIN1_(Sm147Di),Decision Tree,0.6314579791508497,0.5320463320463321,3.6313012374389913e-05,0.000838491945672946,0.11090578072046546,shap
Decision Tree_147Sm_BIN1_(Sm147Di)_shap_100,100.0,147Sm_BIN1_(Sm147Di),Decision Tree,0.6807794806292854,0.6195624195624196,4.899912921804159e-06,5.595578766360325e-05,0.10844776415991672,shap
Decision Tree_147Sm_BIN1_(Sm147Di)_shap_150,150.0,147Sm_BIN1_(Sm147Di),Decision Tree,0.7815364745503398,0.7562419562419562,1.843401289851057e-08,9.593052639985035e-08,0.09360382035755417,shap
Decision Tree_149Sm_TMEM230_C20orf30_(Sm149Di)_shap_5,5.0,149Sm_TMEM230_C20orf30_(Sm149Di),Decision Tree,0.5534330161361755,0.6275418275418276,0.0004633111230461594,4.195073427134807e-05,0.11039525257825043,shap
Decision Tree_149Sm_TMEM230_C20orf30_(Sm149Di)_shap_10,10.0,149Sm_TMEM230_C20orf30_(Sm149Di),Decision Tree,0.5849963160593218,0.4648648648648649,0.00017881751727169277,0.004283099350619072,0.12231009856334119,shap
Decision Tree_149Sm_TMEM230_C20orf30_(Sm149Di)_shap_20,20.0,149Sm_TMEM230_C20orf30_(Sm149Di),Decision Tree,0.1684652151479242,0.16911196911196916,0.3260201456568464,0.3241391618686015,0.16824988558061954,shap
Decision Tree_149Sm_TMEM230_C20orf30_(Sm149Di)_shap_40,40.0,149Sm_TMEM230_C20orf30_(Sm149Di),Decision Tree,0.42768723055560187,0.5333333333333333,0.00927072469480612,0.0008099796424444838,0.13443370222391007,shap
Decision Tree_149Sm_TMEM230_C20orf30_(Sm149Di)_shap_60,60.0,149Sm_TMEM230_C20orf30_(Sm149Di),Decision Tree,0.5877985234178682,0.648906048906049,0.00016354141103269674,1.8622908595293505e-05,0.11666782985741429,shap
Decision Tree_149Sm_TMEM230_C20orf30_(Sm149Di)_shap_80,80.0,149Sm_TMEM230_C20orf30_(Sm149Di),Decision Tree,0.4282966977923837,0.444015444015444,0.009160193514719112,0.00667282241661602,0.15208908477796315,shap
Decision Tree_149Sm_TMEM230_C20orf30_(Sm149Di)_shap_100,100.0,149Sm_TMEM230_C20orf30_(Sm149Di),Decision Tree,0.17270665803160612,-0.09755469755469756,0.31380793371243076,0.5713775489256785,0.17610243354145774,shap
Decision Tree_149Sm_TMEM230_C20orf30_(Sm149Di)_shap_150,150.0,149Sm_TMEM230_C20orf30_(Sm149Di),Decision Tree,-0.11785724017530762,-0.08494208494208495,0.49360965003667834,0.6223250812519652,0.19133775411510684,shap
Decision Tree_151Eu_CD47_(Eu151Di)_shap_5,5.0,151Eu_CD47_(Eu151Di),Decision Tree,0.5073234866855416,0.47207207207207214,0.0015882784809098435,0.0036509224605078805,0.040945359179809446,shap
Decision Tree_151Eu_CD47_(Eu151Di)_shap_10,10.0,151Eu_CD47_(Eu151Di),Decision Tree,0.6577597084601583,0.5891891891891892,1.3055350310703222e-05,0.00015640426261653804,0.03244781093203011,shap
Decision Tree_151Eu_CD47_(Eu151Di)_shap_20,20.0,151Eu_CD47_(Eu151Di),Decision Tree,0.5191882886542775,0.48906048906048916,0.0011759606558998529,0.0024714036130362507,0.036122387180089754,shap
Decision Tree_151Eu_CD47_(Eu151Di)_shap_40,40.0,151Eu_CD47_(Eu151Di),Decision Tree,0.47208995905462536,0.5222651222651222,0.003649460257770352,0.0010858414162190086,0.03521549520462864,shap
Decision Tree_151Eu_CD47_(Eu151Di)_shap_60,60.0,151Eu_CD47_(Eu151Di),Decision Tree,0.44027253820543416,0.32895752895752894,0.007205238048481181,0.05011334950581111,0.041860851163859486,shap
Decision Tree_151Eu_CD47_(Eu151Di)_shap_80,80.0,151Eu_CD47_(Eu151Di),Decision Tree,0.6789533054858793,0.6975546975546977,5.312783763920028e-06,2.2671425868331674e-06,0.03020037245065452,shap
Decision Tree_151Eu_CD47_(Eu151Di)_shap_100,100.0,151Eu_CD47_(Eu151Di),Decision Tree,0.4300239927660333,0.4728442728442729,0.008853017821702875,0.0035882584598149374,0.038207836508027955,shap
Decision Tree_151Eu_CD47_(Eu151Di)_shap_150,150.0,151Eu_CD47_(Eu151Di),Decision Tree,0.548638562516962,0.5531531531531532,0.0005310430306284998,0.0004670423378202861,0.033937258005561924,shap
Decision Tree_152Sm_GATM_1_(Sm152Di)_shap_5,5.0,152Sm_GATM_1_(Sm152Di),Decision Tree,0.33712158388916896,0.32998712998713,0.044364228980324334,0.0493570504664908,0.366209287542069,shap
Decision Tree_152Sm_GATM_1_(Sm152Di)_shap_10,10.0,152Sm_GATM_1_(Sm152Di),Decision Tree,0.6670858115299416,0.5366795366795367,8.867092581273045e-06,0.0007398254791582946,0.21863395987509396,shap
Decision Tree_152Sm_GATM_1_(Sm152Di)_shap_20,20.0,152Sm_GATM_1_(Sm152Di),Decision Tree,0.6101192236821159,0.6306306306306307,7.790173600170526e-05,3.7443399426697637e-05,0.22434302553270172,shap
Decision Tree_152Sm_GATM_1_(Sm152Di)_shap_40,40.0,152Sm_GATM_1_(Sm152Di),Decision Tree,0.19744519852138873,0.4051480051480052,0.24838994276666923,0.014236662185482507,0.31300138507844777,shap
Decision Tree_152Sm_GATM_1_(Sm152Di)_shap_60,60.0,152Sm_GATM_1_(Sm152Di),Decision Tree,0.20010136935576256,0.0913770913770914,0.2419538354242426,0.5960949780601509,0.35599320806157064,shap
Decision Tree_152Sm_GATM_1_(Sm152Di)_shap_80,80.0,152Sm_GATM_1_(Sm152Di),Decision Tree,0.38951109604518563,0.33153153153153153,0.018865522640762623,0.048239774269803276,0.30259171108056115,shap
Decision Tree_152Sm_GATM_1_(Sm152Di)_shap_100,100.0,152Sm_GATM_1_(Sm152Di),Decision Tree,0.6117243446756226,0.5245817245817246,7.369624725799207e-05,0.001022068621235285,0.22139395470858428,shap
Decision Tree_152Sm_GATM_1_(Sm152Di)_shap_150,150.0,152Sm_GATM_1_(Sm152Di),Decision Tree,0.8794589035404633,0.6705276705276706,1.6717799758436012e-12,7.661031996436113e-06,0.14360296237506304,shap
Decision Tree_153Eu_VGLUT_(Eu153Di)_shap_5,5.0,153Eu_VGLUT_(Eu153Di),Decision Tree,0.42412508705153407,0.42522522522522527,0.009939730771317405,0.00972886682479511,0.13755410002675253,shap
Decision Tree_153Eu_VGLUT_(Eu153Di)_shap_10,10.0,153Eu_VGLUT_(Eu153Di),Decision Tree,0.47763979576757154,0.34620334620334625,0.0032196094795498478,0.03860602252530382,0.11944595734936837,shap
Decision Tree_153Eu_VGLUT_(Eu153Di)_shap_20,20.0,153Eu_VGLUT_(Eu153Di),Decision Tree,0.3962301314317659,0.3845559845559846,0.01674225678296158,0.020571567789587995,0.10747161993589839,shap
Decision Tree_153Eu_VGLUT_(Eu153Di)_shap_40,40.0,153Eu_VGLUT_(Eu153Di),Decision Tree,0.43549736021059876,0.5613899613899613,0.007936993128136352,0.0003677337990865841,0.11445731825544803,shap
Decision Tree_153Eu_VGLUT_(Eu153Di)_shap_60,60.0,153Eu_VGLUT_(Eu153Di),Decision Tree,0.25067494723596095,0.3178893178893179,0.1403118830216416,0.05884336138943913,0.16293399198935388,shap
Decision Tree_153Eu_VGLUT_(Eu153Di)_shap_80,80.0,153Eu_VGLUT_(Eu153Di),Decision Tree,0.36414193882895807,0.44736164736164746,0.029012153873535715,0.006225780209389326,0.1282537981857109,shap
Decision Tree_153Eu_VGLUT_(Eu153Di)_shap_100,100.0,153Eu_VGLUT_(Eu153Di),Decision Tree,0.6253327721779132,0.6386100386100387,4.546951337022356e-05,2.7755633615426976e-05,0.09799931674596933,shap
Decision Tree_153Eu_VGLUT_(Eu153Di)_shap_150,150.0,153Eu_VGLUT_(Eu153Di),Decision Tree,0.5238155407537795,0.5029601029601031,0.0010427843651446794,0.0017691534245281896,0.1130053692911652,shap
Decision Tree_154Sm_DAT_(Sm154Di)_shap_5,5.0,154Sm_DAT_(Sm154Di),Decision Tree,0.6319313859235244,0.4808236808236809,3.568019938109041e-05,0.002993459713166031,0.060728936457027004,shap
Decision Tree_154Sm_DAT_(Sm154Di)_shap_10,10.0,154Sm_DAT_(Sm154Di),Decision Tree,-0.13491872636799446,0.08880308880308882,0.4327231028497083,0.6065293251960965,0.09299478666160801,shap
Decision Tree_154Sm_DAT_(Sm154Di)_shap_20,20.0,154Sm_DAT_(Sm154Di),Decision Tree,0.5485962328700883,0.5616473616473616,0.0005316782950028747,0.00036496003813405484,0.07350328051921158,shap
Decision Tree_154Sm_DAT_(Sm154Di)_shap_40,40.0,154Sm_DAT_(Sm154Di),Decision Tree,0.6391212366783986,0.6133848133848134,2.722048366326297e-05,6.956234595026298e-05,0.056325900288302165,shap
Decision Tree_154Sm_DAT_(Sm154Di)_shap_60,60.0,154Sm_DAT_(Sm154Di),Decision Tree,0.5278121327615457,0.668983268983269,0.0009386684737464991,8.182372673782443e-06,0.07186546432529825,shap
Decision Tree_154Sm_DAT_(Sm154Di)_shap_80,80.0,154Sm_DAT_(Sm154Di),Decision Tree,0.3475879733529443,0.31402831402831405,0.037783992327720506,0.06215773876215171,0.07379133438837081,shap
Decision Tree_154Sm_DAT_(Sm154Di)_shap_100,100.0,154Sm_DAT_(Sm154Di),Decision Tree,0.38920018640983806,0.5294723294723295,0.01896897718166374,0.0008981946615110939,0.07634638804948365,shap
Decision Tree_154Sm_DAT_(Sm154Di)_shap_150,150.0,154Sm_DAT_(Sm154Di),Decision Tree,0.401888834990834,0.2362934362934363,0.01511300019715825,0.16530019357176415,0.08325305771536079,shap
Decision Tree_158Gd_p-Tau_S202_T205_(Gd158Di)_shap_5,5.0,158Gd_p-Tau_S202_T205_(Gd158Di),Decision Tree,0.8207864048401396,0.868983268983269,8.806790053785919e-10,6.3388539637518915e-12,0.050411109817327375,shap
Decision Tree_158Gd_p-Tau_S202_T205_(Gd158Di)_shap_10,10.0,158Gd_p-Tau_S202_T205_(Gd158Di),Decision Tree,0.7479956326689677,0.7047619047619048,1.5746309739499425e-07,1.6020474247981515e-06,0.06040109731403463,shap
Decision Tree_158Gd_p-Tau_S202_T205_(Gd158Di)_shap_20,20.0,158Gd_p-Tau_S202_T205_(Gd158Di),Decision Tree,0.8506598124762621,0.8671814671814673,5.0618534834303015e-11,7.880793746361374e-12,0.04671259076809784,shap
Decision Tree_158Gd_p-Tau_S202_T205_(Gd158Di)_shap_40,40.0,158Gd_p-Tau_S202_T205_(Gd158Di),Decision Tree,0.8310279694819701,0.802831402831403,3.522116009223829e-10,3.849753086601875e-09,0.05347216612471471,shap
Decision Tree_158Gd_p-Tau_S202_T205_(Gd158Di)_shap_60,60.0,158Gd_p-Tau_S202_T205_(Gd158Di),Decision Tree,0.7452498981045523,0.7827541827541828,1.8494047783210838e-07,1.693470066395879e-08,0.05492575217058432,shap
Decision Tree_158Gd_p-Tau_S202_T205_(Gd158Di)_shap_80,80.0,158Gd_p-Tau_S202_T205_(Gd158Di),Decision Tree,0.37151490756725525,0.4684684684684685,0.02568457074867718,0.003956077539339087,0.07681577616561339,shap
Decision Tree_158Gd_p-Tau_S202_T205_(Gd158Di)_shap_100,100.0,158Gd_p-Tau_S202_T205_(Gd158Di),Decision Tree,0.6364442786602637,0.7096525096525097,3.0130341071037198e-05,1.2583323076381287e-06,0.07258406602120392,shap
Decision Tree_158Gd_p-Tau_S202_T205_(Gd158Di)_shap_150,150.0,158Gd_p-Tau_S202_T205_(Gd158Di),Decision Tree,0.7655829313396778,0.7544401544401546,5.3428491923995864e-08,1.070766911304957e-07,0.05982299648044134,shap
Decision Tree_159Tb_a-Synuclein_pS129_(Tb159Di)_shap_5,5.0,159Tb_a-Synuclein_pS129_(Tb159Di),Decision Tree,0.5829386824915253,0.6038610038610039,0.00019083698175630754,9.644544516784931e-05,0.08265073243146795,shap
Decision Tree_159Tb_a-Synuclein_pS129_(Tb159Di)_shap_10,10.0,159Tb_a-Synuclein_pS129_(Tb159Di),Decision Tree,0.6616460917323408,0.6357786357786358,1.1129634113718805e-05,3.089635482803366e-05,0.06591745585249736,shap
Decision Tree_159Tb_a-Synuclein_pS129_(Tb159Di)_shap_20,20.0,159Tb_a-Synuclein_pS129_(Tb159Di),Decision Tree,0.7785530606906798,0.7691119691119692,2.2641705680057614e-08,4.253029634103023e-08,0.048717319126013514,shap
Decision Tree_159Tb_a-Synuclein_pS129_(Tb159Di)_shap_40,40.0,159Tb_a-Synuclein_pS129_(Tb159Di),Decision Tree,0.5546033622100638,0.5580437580437582,0.0004479936575898628,0.00040554355612400683,0.08694504054047553,shap
Decision Tree_159Tb_a-Synuclein_pS129_(Tb159Di)_shap_60,60.0,159Tb_a-Synuclein_pS129_(Tb159Di),Decision Tree,0.4853590120895775,0.48262548262548266,0.002695244874266577,0.0028717114020240203,0.08300089101226478,shap
Decision Tree_159Tb_a-Synuclein_pS129_(Tb159Di)_shap_80,80.0,159Tb_a-Synuclein_pS129_(Tb159Di),Decision Tree,0.06729649080001554,0.087001287001287,0.6965576268965957,0.6138794113422424,0.11561093498202195,shap
Decision Tree_159Tb_a-Synuclein_pS129_(Tb159Di)_shap_100,100.0,159Tb_a-Synuclein_pS129_(Tb159Di),Decision Tree,0.3174542415068942,0.322007722007722,0.05920968228317264,0.055464093474605285,0.09996312567413768,shap
Decision Tree_159Tb_a-Synuclein_pS129_(Tb159Di)_shap_150,150.0,159Tb_a-Synuclein_pS129_(Tb159Di),Decision Tree,0.5394357370826317,0.593050193050193,0.0006861429025493898,0.00013803159950511815,0.08157602140283027,shap
Decision Tree_160Gd_DJ-1_PARK7_(Gd160Di)_shap_5,5.0,160Gd_DJ-1_PARK7_(Gd160Di),Decision Tree,0.7147943344081309,0.6296010296010297,9.709990869673853e-07,3.889458201235107e-05,0.06593838808033624,shap
Decision Tree_160Gd_DJ-1_PARK7_(Gd160Di)_shap_10,10.0,160Gd_DJ-1_PARK7_(Gd160Di),Decision Tree,0.7238841058880041,0.7052767052767053,6.055591482211935e-07,1.5621907857021318e-06,0.06147418648602988,shap
Decision Tree_160Gd_DJ-1_PARK7_(Gd160Di)_shap_20,20.0,160Gd_DJ-1_PARK7_(Gd160Di),Decision Tree,0.5576608788542352,0.5274131274131275,0.000410083475497588,0.0009486328700574498,0.07248036787099091,shap
Decision Tree_160Gd_DJ-1_PARK7_(Gd160Di)_shap_40,40.0,160Gd_DJ-1_PARK7_(Gd160Di),Decision Tree,0.3586051073359027,0.27979407979407983,0.03173740825954072,0.09838902657983921,0.09454778923839936,shap
Decision Tree_160Gd_DJ-1_PARK7_(Gd160Di)_shap_60,60.0,160Gd_DJ-1_PARK7_(Gd160Di),Decision Tree,0.46089416278080214,0.39150579150579157,0.004670287242606289,0.01821293871152416,0.0943351235058467,shap
Decision Tree_160Gd_DJ-1_PARK7_(Gd160Di)_shap_80,80.0,160Gd_DJ-1_PARK7_(Gd160Di),Decision Tree,-0.19085656300825493,-0.11891891891891891,0.26484478476990236,0.48969764764469015,0.12844094171476905,shap
Decision Tree_160Gd_DJ-1_PARK7_(Gd160Di)_shap_100,100.0,160Gd_DJ-1_PARK7_(Gd160Di),Decision Tree,0.457738001768856,0.5734877734877736,0.004999276900524955,0.0002558784613041999,0.09059125059043927,shap
Decision Tree_160Gd_DJ-1_PARK7_(Gd160Di)_shap_150,150.0,160Gd_DJ-1_PARK7_(Gd160Di),Decision Tree,0.2610464736001078,0.23552123552123555,0.12409624444111596,0.16672687889499094,0.09966479139357415,shap
Decision Tree_161Dy_b-Amyloid_X42_(Dy161Di)_shap_5,5.0,161Dy_b-Amyloid_X42_(Dy161Di),Decision Tree,0.8143804540732676,0.8386100386100388,1.5178549623231196e-09,1.7167814611221946e-10,0.048614140951897394,shap
Decision Tree_161Dy_b-Amyloid_X42_(Dy161Di)_shap_10,10.0,161Dy_b-Amyloid_X42_(Dy161Di),Decision Tree,0.5944123683705274,0.6357786357786358,0.00013202815087362923,3.089635482803366e-05,0.06316463871141177,shap
Decision Tree_161Dy_b-Amyloid_X42_(Dy161Di)_shap_20,20.0,161Dy_b-Amyloid_X42_(Dy161Di),Decision Tree,0.33842431207826484,0.36164736164736166,0.04349811936166964,0.03021517965374819,0.08108111387412782,shap
Decision Tree_161Dy_b-Amyloid_X42_(Dy161Di)_shap_40,40.0,161Dy_b-Amyloid_X42_(Dy161Di),Decision Tree,0.44979189589840596,0.45765765765765765,0.005917468103438895,0.005007906334622832,0.06982866931232563,shap
Decision Tree_161Dy_b-Amyloid_X42_(Dy161Di)_shap_60,60.0,161Dy_b-Amyloid_X42_(Dy161Di),Decision Tree,0.21107668173920371,0.25894465894465896,0.21655350015689118,0.1272638981427196,0.08353565446951766,shap
Decision Tree_161Dy_b-Amyloid_X42_(Dy161Di)_shap_80,80.0,161Dy_b-Amyloid_X42_(Dy161Di),Decision Tree,0.5572522411190933,0.5590733590733591,0.00041497874334866613,0.0003935566677563574,0.059744156866628276,shap
Decision Tree_161Dy_b-Amyloid_X42_(Dy161Di)_shap_100,100.0,161Dy_b-Amyloid_X42_(Dy161Di),Decision Tree,0.37310952482769405,0.4465894465894466,0.025008027858103087,0.006326591250085818,0.07192433862911124,shap
Decision Tree_161Dy_b-Amyloid_X42_(Dy161Di)_shap_150,150.0,161Dy_b-Amyloid_X42_(Dy161Di),Decision Tree,0.31732824494159706,0.3912483912483913,0.059316104281701476,0.018296074135459767,0.07182788862477363,shap
Decision Tree_162Dy_Calreticulin_(Dy162Di)_shap_5,5.0,162Dy_Calreticulin_(Dy162Di),Decision Tree,0.8640966567469753,0.8473616473616473,1.1358336647986319e-11,7.144666999887834e-11,0.029758806363560417,shap
Decision Tree_162Dy_Calreticulin_(Dy162Di)_shap_10,10.0,162Dy_Calreticulin_(Dy162Di),Decision Tree,0.5446841361142084,0.6265122265122266,0.0005933892340812069,4.355889083688918e-05,0.04464134822841212,shap
Decision Tree_162Dy_Calreticulin_(Dy162Di)_shap_20,20.0,162Dy_Calreticulin_(Dy162Di),Decision Tree,0.4382658475337465,0.49111969111969117,0.007505380934792906,0.002354046699911095,0.049892881621151075,shap
Decision Tree_162Dy_Calreticulin_(Dy162Di)_shap_40,40.0,162Dy_Calreticulin_(Dy162Di),Decision Tree,0.7870047448804374,0.8324324324324325,1.254061676759854e-08,3.091464864749407e-10,0.03313340600758441,shap
Decision Tree_162Dy_Calreticulin_(Dy162Di)_shap_60,60.0,162Dy_Calreticulin_(Dy162Di),Decision Tree,0.4952696389175688,0.29575289575289576,0.002132244998099812,0.07989277531875048,0.04848251090851211,shap
Decision Tree_162Dy_Calreticulin_(Dy162Di)_shap_80,80.0,162Dy_Calreticulin_(Dy162Di),Decision Tree,0.35875696294731685,0.2702702702702703,0.03165996509751626,0.11088637902223289,0.054298933716130565,shap
Decision Tree_162Dy_Calreticulin_(Dy162Di)_shap_100,100.0,162Dy_Calreticulin_(Dy162Di),Decision Tree,0.11038429815842428,0.15263835263835265,0.5215908993009466,0.3741468022810348,0.0583231464518758,shap
Decision Tree_162Dy_Calreticulin_(Dy162Di)_shap_150,150.0,162Dy_Calreticulin_(Dy162Di),Decision Tree,0.5531507904526892,0.5119691119691121,0.0004670739515748012,0.0014137580653656103,0.04372065804423667,shap
Decision Tree_164Dy_GBA1_(Dy164Di)_shap_5,5.0,164Dy_GBA1_(Dy164Di),Decision Tree,0.6010051959980186,0.5858429858429859,0.00010615897135007071,0.00017407228864448198,0.07781946992901635,shap
Decision Tree_164Dy_GBA1_(Dy164Di)_shap_10,10.0,164Dy_GBA1_(Dy164Di),Decision Tree,0.5669630639685803,0.5943371943371945,0.00031169755545112514,0.0001323532384722718,0.08260952101814188,shap
Decision Tree_164Dy_GBA1_(Dy164Di)_shap_20,20.0,164Dy_GBA1_(Dy164Di),Decision Tree,0.734919934278599,0.7204633204633206,3.3279241987039924e-07,7.248661465532233e-07,0.06501660818648189,shap
Decision Tree_164Dy_GBA1_(Dy164Di)_shap_40,40.0,164Dy_GBA1_(Dy164Di),Decision Tree,0.3687142325953009,0.3994851994851995,0.026909368286509104,0.01578797996407742,0.08939879746343898,shap
Decision Tree_164Dy_GBA1_(Dy164Di)_shap_60,60.0,164Dy_GBA1_(Dy164Di),Decision Tree,0.48969147190430773,0.45765765765765765,0.002434911743053085,0.005007906334622832,0.08616365612896149,shap
Decision Tree_164Dy_GBA1_(Dy164Di)_shap_80,80.0,164Dy_GBA1_(Dy164Di),Decision Tree,0.4357664818093057,0.5145431145431145,0.00789412601148851,0.0013245193367261306,0.08816382616086066,shap
Decision Tree_164Dy_GBA1_(Dy164Di)_shap_100,100.0,164Dy_GBA1_(Dy164Di),Decision Tree,0.4302244823695541,0.36138996138996143,0.00881793924899197,0.030341608063407587,0.09242464630761078,shap
Decision Tree_164Dy_GBA1_(Dy164Di)_shap_150,150.0,164Dy_GBA1_(Dy164Di),Decision Tree,0.2391852504586256,0.18970398970398972,0.16003536398694848,0.2677953048967593,0.10649430741544616,shap
Decision Tree_165Ho_3NT_(Ho165Di)_shap_5,5.0,165Ho_3NT_(Ho165Di),Decision Tree,0.648257508456868,0.6774774774774777,1.9105288036181797e-05,5.669388577563125e-06,0.103015538697348,shap
Decision Tree_165Ho_3NT_(Ho165Di)_shap_10,10.0,165Ho_3NT_(Ho165Di),Decision Tree,0.6663260552621608,0.6512226512226512,9.155601864944626e-06,1.6988818420284038e-05,0.09508288259062138,shap
Decision Tree_165Ho_3NT_(Ho165Di)_shap_20,20.0,165Ho_3NT_(Ho165Di),Decision Tree,0.6633451255569879,0.6916344916344918,1.0372113342420232e-05,2.993182882576385e-06,0.09135394354661,shap
Decision Tree_165Ho_3NT_(Ho165Di)_shap_40,40.0,165Ho_3NT_(Ho165Di),Decision Tree,0.48540584457811686,0.3341055341055341,0.0026923058702591923,0.04642280586372443,0.12984498467192968,shap
Decision Tree_165Ho_3NT_(Ho165Di)_shap_60,60.0,165Ho_3NT_(Ho165Di),Decision Tree,0.551551857947203,0.5047619047619049,0.0004889102905775881,0.0016923830183483738,0.11815959291297995,shap
Decision Tree_165Ho_3NT_(Ho165Di)_shap_80,80.0,165Ho_3NT_(Ho165Di),Decision Tree,0.4955606274445099,0.46795366795366794,0.0021174027750334064,0.004001426952737057,0.11663460617418586,shap
Decision Tree_165Ho_3NT_(Ho165Di)_shap_100,100.0,165Ho_3NT_(Ho165Di),Decision Tree,0.46852395109490663,0.38172458172458174,0.003951216705229889,0.021602792204729427,0.13311228966438476,shap
Decision Tree_165Ho_3NT_(Ho165Di)_shap_150,150.0,165Ho_3NT_(Ho165Di),Decision Tree,0.48443256949416635,0.39305019305019306,0.0027539623928680692,0.017720730454296025,0.13316425724357053,shap
Decision Tree_166Er_PrP_CD230_(Er166Di)_shap_5,5.0,166Er_PrP_CD230_(Er166Di),Decision Tree,0.7585366622654421,0.7454311454311455,8.328485842472013e-08,1.8299869758803883e-07,0.2685626056042606,shap
Decision Tree_166Er_PrP_CD230_(Er166Di)_shap_10,10.0,166Er_PrP_CD230_(Er166Di),Decision Tree,0.6256204801498222,0.5732303732303733,4.4996585980711946e-05,0.00025789841867661026,0.4561007268303603,shap
Decision Tree_166Er_PrP_CD230_(Er166Di)_shap_20,20.0,166Er_PrP_CD230_(Er166Di),Decision Tree,0.6098152751595167,0.4664092664092665,7.872204595372174e-05,0.004140188896374611,0.4649281609938946,shap
Decision Tree_166Er_PrP_CD230_(Er166Di)_shap_40,40.0,166Er_PrP_CD230_(Er166Di),Decision Tree,0.4875843435452483,0.4944658944658945,0.0025586453577983587,0.0021737150624073615,0.3957405867501541,shap
Decision Tree_166Er_PrP_CD230_(Er166Di)_shap_60,60.0,166Er_PrP_CD230_(Er166Di),Decision Tree,0.387312181478586,0.18043758043758046,0.019607428146250123,0.29229881344805697,0.5251782827798107,shap
Decision Tree_166Er_PrP_CD230_(Er166Di)_shap_80,80.0,166Er_PrP_CD230_(Er166Di),Decision Tree,0.5377860455817207,0.4687258687258687,0.0007178424180197151,0.003933570374529273,0.41627499645495347,shap
Decision Tree_166Er_PrP_CD230_(Er166Di)_shap_100,100.0,166Er_PrP_CD230_(Er166Di),Decision Tree,0.5707379217117293,0.444015444015444,0.0002782086216133004,0.00667282241661602,0.4166703450747166,shap
Decision Tree_166Er_PrP_CD230_(Er166Di)_shap_150,150.0,166Er_PrP_CD230_(Er166Di),Decision Tree,0.5351532200560185,0.468983268983269,0.0007711275642395268,0.003911174297209213,0.38688468775867707,shap
Decision Tree_167Er_ApoE_(Er167Di)_shap_5,5.0,167Er_ApoE_(Er167Di),Decision Tree,0.6060495043672898,0.6277992277992278,8.955174865038956e-05,4.155718472146734e-05,0.06940699026964275,shap
Decision Tree_167Er_ApoE_(Er167Di)_shap_10,10.0,167Er_ApoE_(Er167Di),Decision Tree,0.7281400655000203,0.7335907335907337,4.823601937355536e-07,3.5822523294546433e-07,0.06284639348393357,shap
Decision Tree_167Er_ApoE_(Er167Di)_shap_20,20.0,167Er_ApoE_(Er167Di),Decision Tree,0.6120641608131419,0.5153153153153153,7.283263582544191e-05,0.0012987335231226303,0.08361220251487367,shap
Decision Tree_167Er_ApoE_(Er167Di)_shap_40,40.0,167Er_ApoE_(Er167Di),Decision Tree,0.2415975655602788,0.10012870012870013,0.15573701610935164,0.5612180474886225,0.11249185579450866,shap
Decision Tree_167Er_ApoE_(Er167Di)_shap_60,60.0,167Er_ApoE_(Er167Di),Decision Tree,0.5168048330836121,0.6072072072072071,0.001250240923014121,8.608757528050047e-05,0.08737536119906822,shap
Decision Tree_167Er_ApoE_(Er167Di)_shap_80,80.0,167Er_ApoE_(Er167Di),Decision Tree,0.3527705931927571,0.5709137709137709,0.03483242650137041,0.00027673015008495986,0.09391728208742349,shap
Decision Tree_167Er_ApoE_(Er167Di)_shap_100,100.0,167Er_ApoE_(Er167Di),Decision Tree,0.39692382094600587,0.4530244530244531,0.016534936703804376,0.005527790059720194,0.09512157760679446,shap
Decision Tree_167Er_ApoE_(Er167Di)_shap_150,150.0,167Er_ApoE_(Er167Di),Decision Tree,0.5888915727361298,0.5132561132561133,0.00015790771642459585,0.0013684985094323267,0.07855589341468688,shap
Decision Tree_168Er_b-Amyloid_X40_(Er168Di)_shap_5,5.0,168Er_b-Amyloid_X40_(Er168Di),Decision Tree,0.624662465885517,0.4965250965250966,4.658883728911717e-05,0.0020688534245642217,0.09971787707566745,shap
Decision Tree_168Er_b-Amyloid_X40_(Er168Di)_shap_10,10.0,168Er_b-Amyloid_X40_(Er168Di),Decision Tree,0.25681169915126223,0.433976833976834,0.13053951482062126,0.008182948006735044,0.11219418575511764,shap
Decision Tree_168Er_b-Amyloid_X40_(Er168Di)_shap_20,20.0,168Er_b-Amyloid_X40_(Er168Di),Decision Tree,0.5593483528638405,0.451994851994852,0.000390409048678026,0.0056494335014913724,0.11198081404067903,shap
Decision Tree_168Er_b-Amyloid_X40_(Er168Di)_shap_40,40.0,168Er_b-Amyloid_X40_(Er168Di),Decision Tree,0.48726302079669787,0.3415701415701416,0.0025779882061497564,0.04146278715816196,0.11803772601819199,shap
Decision Tree_168Er_b-Amyloid_X40_(Er168Di)_shap_60,60.0,168Er_b-Amyloid_X40_(Er168Di),Decision Tree,0.3688850549177561,0.006692406692406694,0.026833310228188828,0.969099519611222,0.13043612104840396,shap
Decision Tree_168Er_b-Amyloid_X40_(Er168Di)_shap_80,80.0,168Er_b-Amyloid_X40_(Er168Di),Decision Tree,0.3462377930226464,-0.20643500643500645,0.03858539745871045,0.22706226845169758,0.1388315555985488,shap
Decision Tree_168Er_b-Amyloid_X40_(Er168Di)_shap_100,100.0,168Er_b-Amyloid_X40_(Er168Di),Decision Tree,0.06126824449290532,0.14234234234234233,0.7226123230557099,0.407590035086697,0.1292855742219422,shap
Decision Tree_168Er_b-Amyloid_X40_(Er168Di)_shap_150,150.0,168Er_b-Amyloid_X40_(Er168Di),Decision Tree,0.5931209911821261,0.6368082368082368,0.00013771363155811258,2.971882244971049e-05,0.09299427047730716,shap
Decision Tree_169Tm_GAD65_(Tm169Di)_shap_5,5.0,169Tm_GAD65_(Tm169Di),Decision Tree,0.35708443272406276,0.44581724581724586,0.03252150658990073,0.006428801554872665,0.11719651105392719,shap
Decision Tree_169Tm_GAD65_(Tm169Di)_shap_10,10.0,169Tm_GAD65_(Tm169Di),Decision Tree,0.44111613518458803,0.5951093951093951,0.007082165301635217,0.00012904789354394128,0.09559419279887144,shap
Decision Tree_169Tm_GAD65_(Tm169Di)_shap_20,20.0,169Tm_GAD65_(Tm169Di),Decision Tree,0.6470189712217032,0.6604890604890606,2.0058166418559333e-05,1.1673972681492266e-05,0.0897004613193083,shap
Decision Tree_169Tm_GAD65_(Tm169Di)_shap_40,40.0,169Tm_GAD65_(Tm169Di),Decision Tree,0.26343223163478385,0.30862290862290864,0.12057227149150085,0.06704367847340355,0.11390890005531887,shap
Decision Tree_169Tm_GAD65_(Tm169Di)_shap_60,60.0,169Tm_GAD65_(Tm169Di),Decision Tree,0.5689101753716438,0.5624195624195624,0.0002939990789514678,0.0003567504083790731,0.10534417672538747,shap
Decision Tree_169Tm_GAD65_(Tm169Di)_shap_80,80.0,169Tm_GAD65_(Tm169Di),Decision Tree,0.550615587894968,0.535907335907336,0.0005021143073538474,0.0007555182975820491,0.11229683895685702,shap
Decision Tree_169Tm_GAD65_(Tm169Di)_shap_100,100.0,169Tm_GAD65_(Tm169Di),Decision Tree,0.576215595732935,0.5601029601029601,0.0002353255428486407,0.00038188670183401187,0.10773548275383012,shap
Decision Tree_169Tm_GAD65_(Tm169Di)_shap_150,150.0,169Tm_GAD65_(Tm169Di),Decision Tree,0.6455493272240427,0.6630630630630631,2.124473255330217e-05,1.049452743406006e-05,0.08159983229149453,shap
Decision Tree_170Er_GAMT_2_(Er170Di)_shap_5,5.0,170Er_GAMT_2_(Er170Di),Decision Tree,0.5229967003334353,0.42213642213642216,0.0010653328797916497,0.010330768582136022,0.06913032140825517,shap
Decision Tree_170Er_GAMT_2_(Er170Di)_shap_10,10.0,170Er_GAMT_2_(Er170Di),Decision Tree,0.383804668400479,0.4113256113256114,0.02084112482835851,0.012692767574948048,0.07298375237364513,shap
Decision Tree_170Er_GAMT_2_(Er170Di)_shap_20,20.0,170Er_GAMT_2_(Er170Di),Decision Tree,0.45645175263099763,0.427027027027027,0.005138980776303772,0.009391737228068641,0.07019599613867851,shap
Decision Tree_170Er_GAMT_2_(Er170Di)_shap_40,40.0,170Er_GAMT_2_(Er170Di),Decision Tree,0.29686388969905525,0.20180180180180182,0.07871340260383655,0.23789291964959353,0.08949165645966278,shap
Decision Tree_170Er_GAMT_2_(Er170Di)_shap_60,60.0,170Er_GAMT_2_(Er170Di),Decision Tree,0.5822389173229013,0.6252252252252253,0.0001950866998333979,4.564744791342839e-05,0.06979994598040061,shap
Decision Tree_170Er_GAMT_2_(Er170Di)_shap_80,80.0,170Er_GAMT_2_(Er170Di),Decision Tree,0.4322095303749324,0.4226512226512227,0.008476976048592119,0.010228308752118621,0.07477963534626306,shap
Decision Tree_170Er_GAMT_2_(Er170Di)_shap_100,100.0,170Er_GAMT_2_(Er170Di),Decision Tree,0.4605236549133781,0.44839124839124844,0.0047079121614346745,0.006093515174328293,0.07168468011156229,shap
Decision Tree_170Er_GAMT_2_(Er170Di)_shap_150,150.0,170Er_GAMT_2_(Er170Di),Decision Tree,-0.02575973177157453,0.033204633204633204,0.8814523708208957,0.8475467370962678,0.11747169535902952,shap
Decision Tree_171Yb_LC3B_(Yb171Di)_shap_5,5.0,171Yb_LC3B_(Yb171Di),Decision Tree,0.7210557176521787,0.6718146718146719,7.027713580140409e-07,7.249920209292326e-06,0.06885006454225107,shap
Decision Tree_171Yb_LC3B_(Yb171Di)_shap_10,10.0,171Yb_LC3B_(Yb171Di),Decision Tree,0.6544465101870682,0.5925353925353926,1.4931320290473646e-05,0.0001403635806059568,0.07288624719831704,shap
Decision Tree_171Yb_LC3B_(Yb171Di)_shap_20,20.0,171Yb_LC3B_(Yb171Di),Decision Tree,0.7766070533214025,0.7335907335907337,2.5847430927377405e-08,3.5822523294546433e-07,0.05477577979704113,shap
Decision Tree_171Yb_LC3B_(Yb171Di)_shap_40,40.0,171Yb_LC3B_(Yb171Di),Decision Tree,0.7824709227446657,0.7719433719433719,1.7273030453385206e-08,3.5314133864218876e-08,0.05172101963249701,shap
Decision Tree_171Yb_LC3B_(Yb171Di)_shap_60,60.0,171Yb_LC3B_(Yb171Di),Decision Tree,0.6435033372774932,0.44967824967824965,2.3002845011015964e-05,0.005931587279363304,0.07438144482002117,shap
Decision Tree_171Yb_LC3B_(Yb171Di)_shap_80,80.0,171Yb_LC3B_(Yb171Di),Decision Tree,0.7809871002886176,0.8530244530244531,1.9149849897798806e-08,3.9335274574123253e-11,0.05266816950903163,shap
Decision Tree_171Yb_LC3B_(Yb171Di)_shap_100,100.0,171Yb_LC3B_(Yb171Di),Decision Tree,0.8436704745543382,0.7935649935649937,1.0408446841273209e-10,7.782047780976017e-09,0.04799155095157534,shap
Decision Tree_171Yb_LC3B_(Yb171Di)_shap_150,150.0,171Yb_LC3B_(Yb171Di),Decision Tree,0.717191190458522,0.6272844272844273,8.588347253130002e-07,4.2347653931030066e-05,0.06561942167288644,shap
Decision Tree_173Yb_APP_(Yb173Di)_shap_5,5.0,173Yb_APP_(Yb173Di),Decision Tree,0.5463734267283181,0.6388674388674389,0.0005660016157366663,2.7484991913531163e-05,0.13135777619882558,shap
Decision Tree_173Yb_APP_(Yb173Di)_shap_10,10.0,173Yb_APP_(Yb173Di),Decision Tree,0.5722001583935775,0.6244530244530245,0.00026612665170534674,4.694365299490615e-05,0.12742216196984257,shap
Decision Tree_173Yb_APP_(Yb173Di)_shap_20,20.0,173Yb_APP_(Yb173Di),Decision Tree,0.5889764878118882,0.6375804375804377,0.0001574774377736602,2.886254035424026e-05,0.11651459086538961,shap
Decision Tree_173Yb_APP_(Yb173Di)_shap_40,40.0,173Yb_APP_(Yb173Di),Decision Tree,0.5184760451109242,0.5454311454311455,0.0011977388147658718,0.0005811364435174771,0.16949983535122115,shap
Decision Tree_173Yb_APP_(Yb173Di)_shap_60,60.0,173Yb_APP_(Yb173Di),Decision Tree,0.4737418978050773,0.4344916344916345,0.0035165918449284834,0.00809895662361294,0.16325967516490264,shap
Decision Tree_173Yb_APP_(Yb173Di)_shap_80,80.0,173Yb_APP_(Yb173Di),Decision Tree,0.40806214193793455,0.3644787644787645,0.013489728886081244,0.028852777079695975,0.18755825690270772,shap
Decision Tree_173Yb_APP_(Yb173Di)_shap_100,100.0,173Yb_APP_(Yb173Di),Decision Tree,0.43134514743030766,0.418018018018018,0.0086240380585819,0.011182287698381914,0.15610759798674997,shap
Decision Tree_173Yb_APP_(Yb173Di)_shap_150,150.0,173Yb_APP_(Yb173Di),Decision Tree,0.3828199044904337,0.29420849420849426,0.021198883351707686,0.08155495714991878,0.18992919859311302,shap
Decision Tree_174Yb_K48-Ubiquitin_(Yb174Di)_shap_5,5.0,174Yb_K48-Ubiquitin_(Yb174Di),Decision Tree,0.42388990018516853,0.5240669240669241,0.009985309861311808,0.0010359470718718847,0.10028987606569695,shap
Decision Tree_174Yb_K48-Ubiquitin_(Yb174Di)_shap_10,10.0,174Yb_K48-Ubiquitin_(Yb174Di),Decision Tree,0.494755457779135,0.5855855855855856,0.0021586941251439417,0.00017550281155637038,0.0930106357100538,shap
Decision Tree_174Yb_K48-Ubiquitin_(Yb174Di)_shap_20,20.0,174Yb_K48-Ubiquitin_(Yb174Di),Decision Tree,0.4923674497256273,0.621106821106821,0.0022853303163601728,5.295401301024153e-05,0.09771553271090067,shap
Decision Tree_174Yb_K48-Ubiquitin_(Yb174Di)_shap_40,40.0,174Yb_K48-Ubiquitin_(Yb174Di),Decision Tree,0.4461729538853956,0.5400257400257401,0.0063815443772171744,0.0006751109579992048,0.11915665157838205,shap
Decision Tree_174Yb_K48-Ubiquitin_(Yb174Di)_shap_60,60.0,174Yb_K48-Ubiquitin_(Yb174Di),Decision Tree,0.455947174063375,0.5863577863577865,0.005194697387710141,0.00017124259043245943,0.10038034609614603,shap
Decision Tree_174Yb_K48-Ubiquitin_(Yb174Di)_shap_80,80.0,174Yb_K48-Ubiquitin_(Yb174Di),Decision Tree,0.5472571744983814,0.7256113256113257,0.0005521263360338067,5.524394593232491e-07,0.08364418521758807,shap
Decision Tree_174Yb_K48-Ubiquitin_(Yb174Di)_shap_100,100.0,174Yb_K48-Ubiquitin_(Yb174Di),Decision Tree,0.21163115187381634,0.22368082368082373,0.2153209175071383,0.18971954801084623,0.13389477637689534,shap
Decision Tree_174Yb_K48-Ubiquitin_(Yb174Di)_shap_150,150.0,174Yb_K48-Ubiquitin_(Yb174Di),Decision Tree,0.36947701012695505,0.34491634491634493,0.026571114120500984,0.03938304981203807,0.1272156504711122,shap
Decision Tree_176Lu_SLC6A8_(Lu176Di)_shap_5,5.0,176Lu_SLC6A8_(Lu176Di),Decision Tree,0.7612703441781847,0.7474903474903476,7.023400266579565e-08,1.6221829556205624e-07,0.05342411066267888,shap
Decision Tree_176Lu_SLC6A8_(Lu176Di)_shap_10,10.0,176Lu_SLC6A8_(Lu176Di),Decision Tree,0.6647772202562228,0.6033462033462035,9.770415647611455e-06,9.813494074806977e-05,0.058263680230936914,shap
Decision Tree_176Lu_SLC6A8_(Lu176Di)_shap_20,20.0,176Lu_SLC6A8_(Lu176Di),Decision Tree,0.6375061454483932,0.7364221364221366,2.8943938120037274e-05,3.060557267079562e-07,0.058774164434188286,shap
Decision Tree_176Lu_SLC6A8_(Lu176Di)_shap_40,40.0,176Lu_SLC6A8_(Lu176Di),Decision Tree,0.7446526474953059,0.7567567567567568,1.9147424372025625e-07,9.294851439822095e-08,0.04676952108760494,shap
Decision Tree_176Lu_SLC6A8_(Lu176Di)_shap_60,60.0,176Lu_SLC6A8_(Lu176Di),Decision Tree,0.5969777129428131,0.6280566280566281,0.00012135562240382875,4.116697980691644e-05,0.061811590294922385,shap
Decision Tree_176Lu_SLC6A8_(Lu176Di)_shap_80,80.0,176Lu_SLC6A8_(Lu176Di),Decision Tree,0.45435371006713454,0.48494208494208496,0.005374085454911385,0.002721533001386577,0.06797132544079312,shap
Decision Tree_176Lu_SLC6A8_(Lu176Di)_shap_100,100.0,176Lu_SLC6A8_(Lu176Di),Decision Tree,0.458437301125077,0.4092664092664094,0.00492470844763629,0.013190860154304011,0.0727326663633849,shap
Decision Tree_176Lu_SLC6A8_(Lu176Di)_shap_150,150.0,176Lu_SLC6A8_(Lu176Di),Decision Tree,0.6180364908904054,0.5994851994851995,5.9071837211048274e-05,0.00011168033090389192,0.0613541993244594,shap
